cohort	sample	program	program_genes	n_program_genes	n_genes_available	gene_coverage	spot_nonzero_fraction	score_zero_fraction
GSE278687	GSM8552940_PA01	DC_core	FCER1A;CLEC10A;CD1C;CST3;HLA-DRA;HLA-DPA1;HLA-DPB1	7	7	1.0	0.9986210066651344	0.001378993334865548
GSE278687	GSM8552940_PA01	mregDC_like	LAMP3;FSCN1;CCR7;CCL19;CD80;CD86	6	6	1.0	0.9126637554585153	0.08733624454148471
GSE278687	GSM8552940_PA01	Tfh_like	CD3D;CD3E;CD4;CXCR5;PDCD1;ICOS;BCL6;IL7R;CXCL13	9	9	1.0	0.959549528843944	0.04045047115605608
GSE278687	GSM8552940_PA01	broad_T_nonoverlap	TRAC;TRBC1;TRBC2;CD247;LCK;CD2;CD7	7	7	1.0	0.9154217421282463	0.08457825787175362
GSE278687	GSM8552940_PA01	non_Tfh_CD4_nonoverlap	LTB;LEF1;TCF7;SELL;MAL	5	5	1.0	0.8522178809469088	0.14778211905309124
GSE278687	GSM8552940_PA01	Treg_nonoverlap	FOXP3;IL2RA;CTLA4;TIGIT;IKZF2;TNFRSF4	6	6	1.0	0.6334176051482417	0.3665823948517582
GSE278687	GSM8552940_PA01	exhausted_CD8_nonoverlap	CD8A;CD8B;LAG3;HAVCR2;ENTPD1;LAYN	6	6	1.0	0.8554355320615951	0.14456446793840497
GSE278687	GSM8552940_PA01	cDC_nonoverlap	CLEC10A;CD1C;FCER1A;CD1E	4	4	1.0	0.3422201792691335	0.6577798207308665
GSE278687	GSM8552940_PA01	macrophage_nonoverlap	C1QA;C1QB;C1QC;APOC1;GPNMB;SPP1	6	6	1.0	0.9986210066651344	0.001378993334865548
GSE278687	GSM8552941_PA02	DC_core	FCER1A;CLEC10A;CD1C;CST3;HLA-DRA;HLA-DPA1;HLA-DPB1	7	7	1.0	0.9359251259899208	0.06407487401007919
GSE278687	GSM8552941_PA02	mregDC_like	LAMP3;FSCN1;CCR7;CCL19;CD80;CD86	6	6	1.0	0.5298776097912167	0.4701223902087833
GSE278687	GSM8552941_PA02	Tfh_like	CD3D;CD3E;CD4;CXCR5;PDCD1;ICOS;BCL6;IL7R;CXCL13	9	9	1.0	0.6681065514758819	0.33189344852411806
GSE278687	GSM8552941_PA02	broad_T_nonoverlap	TRAC;TRBC1;TRBC2;CD247;LCK;CD2;CD7	7	7	1.0	0.5032397408207343	0.49676025917926564
GSE278687	GSM8552941_PA02	non_Tfh_CD4_nonoverlap	LTB;LEF1;TCF7;SELL;MAL	5	5	1.0	0.44420446364290855	0.5557955363570914
GSE278687	GSM8552941_PA02	Treg_nonoverlap	FOXP3;IL2RA;CTLA4;TIGIT;IKZF2;TNFRSF4	6	6	1.0	0.33189344852411806	0.6681065514758819
GSE278687	GSM8552941_PA02	exhausted_CD8_nonoverlap	CD8A;CD8B;LAG3;HAVCR2;ENTPD1;LAYN	6	6	1.0	0.5226781857451404	0.4773218142548596
GSE278687	GSM8552941_PA02	cDC_nonoverlap	CLEC10A;CD1C;FCER1A;CD1E	4	4	1.0	0.07055435565154787	0.9294456443484521
GSE278687	GSM8552941_PA02	macrophage_nonoverlap	C1QA;C1QB;C1QC;APOC1;GPNMB;SPP1	6	6	1.0	0.9208063354931606	0.07919366450683946
GSE278687	GSM8552942_PA03	DC_core	FCER1A;CLEC10A;CD1C;CST3;HLA-DRA;HLA-DPA1;HLA-DPB1	7	7	1.0	0.8497488534614545	0.15025114653854554
GSE278687	GSM8552942_PA03	mregDC_like	LAMP3;FSCN1;CCR7;CCL19;CD80;CD86	6	6	1.0	0.20703210307927494	0.792967896920725
GSE278687	GSM8552942_PA03	Tfh_like	CD3D;CD3E;CD4;CXCR5;PDCD1;ICOS;BCL6;IL7R;CXCL13	9	9	1.0	0.048263813059620006	0.95173618694038
GSE278687	GSM8552942_PA03	broad_T_nonoverlap	TRAC;TRBC1;TRBC2;CD247;LCK;CD2;CD7	7	7	1.0	0.03537890369076217	0.9646210963092379
GSE278687	GSM8552942_PA03	non_Tfh_CD4_nonoverlap	LTB;LEF1;TCF7;SELL;MAL	5	5	1.0	0.031011137803013757	0.9689888621969862
GSE278687	GSM8552942_PA03	Treg_nonoverlap	FOXP3;IL2RA;CTLA4;TIGIT;IKZF2;TNFRSF4	6	6	1.0	0.03494212710198733	0.9650578728980127
GSE278687	GSM8552942_PA03	exhausted_CD8_nonoverlap	CD8A;CD8B;LAG3;HAVCR2;ENTPD1;LAYN	6	6	1.0	0.03952828128412317	0.9604717187158768
GSE278687	GSM8552942_PA03	cDC_nonoverlap	CLEC10A;CD1C;FCER1A;CD1E	4	4	1.0	0.0	1.0
GSE278687	GSM8552942_PA03	macrophage_nonoverlap	C1QA;C1QB;C1QC;APOC1;GPNMB;SPP1	6	6	1.0	0.4402708014850404	0.5597291985149596
GSE278687	GSM8552943_PA04-1	DC_core	FCER1A;CLEC10A;CD1C;CST3;HLA-DRA;HLA-DPA1;HLA-DPB1	7	7	1.0	0.9973637961335676	0.0026362038664323375
GSE278687	GSM8552943_PA04-1	mregDC_like	LAMP3;FSCN1;CCR7;CCL19;CD80;CD86	6	6	1.0	0.8769771528998243	0.12302284710017575
GSE278687	GSM8552943_PA04-1	Tfh_like	CD3D;CD3E;CD4;CXCR5;PDCD1;ICOS;BCL6;IL7R;CXCL13	9	9	1.0	0.9209138840070299	0.07908611599297012
GSE278687	GSM8552943_PA04-1	broad_T_nonoverlap	TRAC;TRBC1;TRBC2;CD247;LCK;CD2;CD7	7	7	1.0	0.9560632688927944	0.043936731107205626
GSE278687	GSM8552943_PA04-1	non_Tfh_CD4_nonoverlap	LTB;LEF1;TCF7;SELL;MAL	5	5	1.0	0.8725834797891037	0.1274165202108963
GSE278687	GSM8552943_PA04-1	Treg_nonoverlap	FOXP3;IL2RA;CTLA4;TIGIT;IKZF2;TNFRSF4	6	6	1.0	0.6709138840070299	0.3290861159929701
GSE278687	GSM8552943_PA04-1	exhausted_CD8_nonoverlap	CD8A;CD8B;LAG3;HAVCR2;ENTPD1;LAYN	6	6	1.0	0.8782952548330404	0.12170474516695957
GSE278687	GSM8552943_PA04-1	cDC_nonoverlap	CLEC10A;CD1C;FCER1A;CD1E	4	4	1.0	0.19903339191564148	0.8009666080843585
GSE278687	GSM8552943_PA04-1	macrophage_nonoverlap	C1QA;C1QB;C1QC;APOC1;GPNMB;SPP1	6	6	1.0	0.9991212653778558	0.0008787346221441124
GSE278687	GSM8552944_PA04-2	DC_core	FCER1A;CLEC10A;CD1C;CST3;HLA-DRA;HLA-DPA1;HLA-DPB1	7	7	1.0	0.9880181347150259	0.011981865284974092
GSE278687	GSM8552944_PA04-2	mregDC_like	LAMP3;FSCN1;CCR7;CCL19;CD80;CD86	6	6	1.0	0.6285621761658031	0.3714378238341969
GSE278687	GSM8552944_PA04-2	Tfh_like	CD3D;CD3E;CD4;CXCR5;PDCD1;ICOS;BCL6;IL7R;CXCL13	9	9	1.0	0.46696891191709844	0.5330310880829016
GSE278687	GSM8552944_PA04-2	broad_T_nonoverlap	TRAC;TRBC1;TRBC2;CD247;LCK;CD2;CD7	7	7	1.0	0.8886010362694301	0.11139896373056994
GSE278687	GSM8552944_PA04-2	non_Tfh_CD4_nonoverlap	LTB;LEF1;TCF7;SELL;MAL	5	5	1.0	0.43426165803108807	0.5657383419689119
GSE278687	GSM8552944_PA04-2	Treg_nonoverlap	FOXP3;IL2RA;CTLA4;TIGIT;IKZF2;TNFRSF4	6	6	1.0	0.22279792746113988	0.7772020725388601
GSE278687	GSM8552944_PA04-2	exhausted_CD8_nonoverlap	CD8A;CD8B;LAG3;HAVCR2;ENTPD1;LAYN	6	6	1.0	0.41386010362694303	0.586139896373057
GSE278687	GSM8552944_PA04-2	cDC_nonoverlap	CLEC10A;CD1C;FCER1A;CD1E	4	4	1.0	0.05408031088082901	0.945919689119171
GSE278687	GSM8552944_PA04-2	macrophage_nonoverlap	C1QA;C1QB;C1QC;APOC1;GPNMB;SPP1	6	6	1.0	0.9967616580310881	0.003238341968911917
GSE278687	GSM8552945_PA05-1	DC_core	FCER1A;CLEC10A;CD1C;CST3;HLA-DRA;HLA-DPA1;HLA-DPB1	7	7	1.0	0.9946595460614153	0.0053404539385847796
GSE278687	GSM8552945_PA05-1	mregDC_like	LAMP3;FSCN1;CCR7;CCL19;CD80;CD86	6	6	1.0	0.8798397863818425	0.12016021361815754
GSE278687	GSM8552945_PA05-1	Tfh_like	CD3D;CD3E;CD4;CXCR5;PDCD1;ICOS;BCL6;IL7R;CXCL13	9	9	1.0	0.9230084557187361	0.07699154428126391
GSE278687	GSM8552945_PA05-1	broad_T_nonoverlap	TRAC;TRBC1;TRBC2;CD247;LCK;CD2;CD7	7	7	1.0	0.7142857142857143	0.2857142857142857
GSE278687	GSM8552945_PA05-1	non_Tfh_CD4_nonoverlap	LTB;LEF1;TCF7;SELL;MAL	5	5	1.0	0.8161993769470405	0.1838006230529595
GSE278687	GSM8552945_PA05-1	Treg_nonoverlap	FOXP3;IL2RA;CTLA4;TIGIT;IKZF2;TNFRSF4	6	6	1.0	0.5131286159323543	0.48687138406764574
GSE278687	GSM8552945_PA05-1	exhausted_CD8_nonoverlap	CD8A;CD8B;LAG3;HAVCR2;ENTPD1;LAYN	6	6	1.0	0.8126390743213173	0.18736092567868268
GSE278687	GSM8552945_PA05-1	cDC_nonoverlap	CLEC10A;CD1C;FCER1A;CD1E	4	4	1.0	0.39118825100133514	0.6088117489986649
GSE278687	GSM8552945_PA05-1	macrophage_nonoverlap	C1QA;C1QB;C1QC;APOC1;GPNMB;SPP1	6	6	1.0	0.9915442812639075	0.008455718736092568
GSE278687	GSM8552946_PA05-2	DC_core	FCER1A;CLEC10A;CD1C;CST3;HLA-DRA;HLA-DPA1;HLA-DPB1	7	4	0.5714285714285714	0.9871794871794872	0.01282051282051282
GSE278687	GSM8552946_PA05-2	mregDC_like	LAMP3;FSCN1;CCR7;CCL19;CD80;CD86	6	6	1.0	0.9150641025641025	0.08493589743589744
GSE278687	GSM8552946_PA05-2	Tfh_like	CD3D;CD3E;CD4;CXCR5;PDCD1;ICOS;BCL6;IL7R;CXCL13	9	9	1.0	0.9519230769230769	0.04807692307692308
GSE278687	GSM8552946_PA05-2	broad_T_nonoverlap	TRAC;TRBC1;TRBC2;CD247;LCK;CD2;CD7	7	7	1.0	0.8335336538461539	0.16646634615384615
GSE278687	GSM8552946_PA05-2	non_Tfh_CD4_nonoverlap	LTB;LEF1;TCF7;SELL;MAL	5	5	1.0	0.8699919871794872	0.13000801282051283
GSE278687	GSM8552946_PA05-2	Treg_nonoverlap	FOXP3;IL2RA;CTLA4;TIGIT;IKZF2;TNFRSF4	6	6	1.0	0.7017227564102564	0.2982772435897436
GSE278687	GSM8552946_PA05-2	exhausted_CD8_nonoverlap	CD8A;CD8B;LAG3;HAVCR2;ENTPD1;LAYN	6	5	0.8333333333333334	0.8876201923076923	0.1123798076923077
GSE278687	GSM8552946_PA05-2	cDC_nonoverlap	CLEC10A;CD1C;FCER1A;CD1E	4	4	1.0	0.5408653846153846	0.45913461538461536
GSE278687	GSM8552946_PA05-2	macrophage_nonoverlap	C1QA;C1QB;C1QC;APOC1;GPNMB;SPP1	6	6	1.0	0.9961939102564102	0.0038060897435897435
GSE278687	GSM8552947_PA06	DC_core	FCER1A;CLEC10A;CD1C;CST3;HLA-DRA;HLA-DPA1;HLA-DPB1	7	7	1.0	1.0	0.0
GSE278687	GSM8552947_PA06	mregDC_like	LAMP3;FSCN1;CCR7;CCL19;CD80;CD86	6	6	1.0	0.9697674418604652	0.030232558139534883
GSE278687	GSM8552947_PA06	Tfh_like	CD3D;CD3E;CD4;CXCR5;PDCD1;ICOS;BCL6;IL7R;CXCL13	9	9	1.0	0.9852713178294573	0.014728682170542635
GSE278687	GSM8552947_PA06	broad_T_nonoverlap	TRAC;TRBC1;TRBC2;CD247;LCK;CD2;CD7	7	7	1.0	0.9782945736434109	0.021705426356589147
GSE278687	GSM8552947_PA06	non_Tfh_CD4_nonoverlap	LTB;LEF1;TCF7;SELL;MAL	5	5	1.0	0.9550387596899225	0.04496124031007752
GSE278687	GSM8552947_PA06	Treg_nonoverlap	FOXP3;IL2RA;CTLA4;TIGIT;IKZF2;TNFRSF4	6	6	1.0	0.7492248062015504	0.2507751937984496
GSE278687	GSM8552947_PA06	exhausted_CD8_nonoverlap	CD8A;CD8B;LAG3;HAVCR2;ENTPD1;LAYN	6	6	1.0	0.9666666666666667	0.03333333333333333
GSE278687	GSM8552947_PA06	cDC_nonoverlap	CLEC10A;CD1C;FCER1A;CD1E	4	4	1.0	0.6887596899224806	0.3112403100775194
GSE278687	GSM8552947_PA06	macrophage_nonoverlap	C1QA;C1QB;C1QC;APOC1;GPNMB;SPP1	6	6	1.0	0.9957364341085271	0.004263565891472868
GSE278687	GSM8552948_PA08	DC_core	FCER1A;CLEC10A;CD1C;CST3;HLA-DRA;HLA-DPA1;HLA-DPB1	7	7	1.0	0.9353754202465446	0.06462457975345536
GSE278687	GSM8552948_PA08	mregDC_like	LAMP3;FSCN1;CCR7;CCL19;CD80;CD86	6	6	1.0	0.22973477773627193	0.7702652222637281
GSE278687	GSM8552948_PA08	Tfh_like	CD3D;CD3E;CD4;CXCR5;PDCD1;ICOS;BCL6;IL7R;CXCL13	9	9	1.0	0.21255136346656706	0.787448636533433
GSE278687	GSM8552948_PA08	broad_T_nonoverlap	TRAC;TRBC1;TRBC2;CD247;LCK;CD2;CD7	7	7	1.0	0.11841613746731416	0.8815838625326858
GSE278687	GSM8552948_PA08	non_Tfh_CD4_nonoverlap	LTB;LEF1;TCF7;SELL;MAL	5	5	1.0	0.1057153530070975	0.8942846469929026
GSE278687	GSM8552948_PA08	Treg_nonoverlap	FOXP3;IL2RA;CTLA4;TIGIT;IKZF2;TNFRSF4	6	6	1.0	0.08741128128502054	0.9125887187149795
GSE278687	GSM8552948_PA08	exhausted_CD8_nonoverlap	CD8A;CD8B;LAG3;HAVCR2;ENTPD1;LAYN	6	6	1.0	0.15278296600672395	0.8472170339932761
GSE278687	GSM8552948_PA08	cDC_nonoverlap	CLEC10A;CD1C;FCER1A;CD1E	4	4	1.0	0.010459469555472544	0.9895405304445275
GSE278687	GSM8552948_PA08	macrophage_nonoverlap	C1QA;C1QB;C1QC;APOC1;GPNMB;SPP1	6	6	1.0	0.7710123272319761	0.2289876727680239
GSE278687	GSM8552949_PA11-1	DC_core	FCER1A;CLEC10A;CD1C;CST3;HLA-DRA;HLA-DPA1;HLA-DPB1	7	7	1.0	0.9150219298245614	0.0849780701754386
GSE278687	GSM8552949_PA11-1	mregDC_like	LAMP3;FSCN1;CCR7;CCL19;CD80;CD86	6	6	1.0	0.4342105263157895	0.5657894736842105
GSE278687	GSM8552949_PA11-1	Tfh_like	CD3D;CD3E;CD4;CXCR5;PDCD1;ICOS;BCL6;IL7R;CXCL13	9	9	1.0	0.3168859649122807	0.6831140350877193
GSE278687	GSM8552949_PA11-1	broad_T_nonoverlap	TRAC;TRBC1;TRBC2;CD247;LCK;CD2;CD7	7	7	1.0	0.29989035087719296	0.700109649122807
GSE278687	GSM8552949_PA11-1	non_Tfh_CD4_nonoverlap	LTB;LEF1;TCF7;SELL;MAL	5	5	1.0	0.24835526315789475	0.7516447368421053
GSE278687	GSM8552949_PA11-1	Treg_nonoverlap	FOXP3;IL2RA;CTLA4;TIGIT;IKZF2;TNFRSF4	6	6	1.0	0.13760964912280702	0.862390350877193
GSE278687	GSM8552949_PA11-1	exhausted_CD8_nonoverlap	CD8A;CD8B;LAG3;HAVCR2;ENTPD1;LAYN	6	6	1.0	0.29276315789473684	0.7072368421052632
GSE278687	GSM8552949_PA11-1	cDC_nonoverlap	CLEC10A;CD1C;FCER1A;CD1E	4	4	1.0	0.006578947368421052	0.993421052631579
GSE278687	GSM8552949_PA11-1	macrophage_nonoverlap	C1QA;C1QB;C1QC;APOC1;GPNMB;SPP1	6	6	1.0	0.9429824561403509	0.05701754385964912
GSE278687	GSM8552950_PA11-2	DC_core	FCER1A;CLEC10A;CD1C;CST3;HLA-DRA;HLA-DPA1;HLA-DPB1	7	4	0.5714285714285714	0.9987975951903808	0.0012024048096192384
GSE278687	GSM8552950_PA11-2	mregDC_like	LAMP3;FSCN1;CCR7;CCL19;CD80;CD86	6	6	1.0	0.9270541082164329	0.07294589178356714
GSE278687	GSM8552950_PA11-2	Tfh_like	CD3D;CD3E;CD4;CXCR5;PDCD1;ICOS;BCL6;IL7R;CXCL13	9	9	1.0	0.98937875751503	0.01062124248496994
GSE278687	GSM8552950_PA11-2	broad_T_nonoverlap	TRAC;TRBC1;TRBC2;CD247;LCK;CD2;CD7	7	7	1.0	0.9384769539078156	0.06152304609218437
GSE278687	GSM8552950_PA11-2	non_Tfh_CD4_nonoverlap	LTB;LEF1;TCF7;SELL;MAL	5	5	1.0	0.8877755511022044	0.11222444889779559
GSE278687	GSM8552950_PA11-2	Treg_nonoverlap	FOXP3;IL2RA;CTLA4;TIGIT;IKZF2;TNFRSF4	6	6	1.0	0.776753507014028	0.22324649298597193
GSE278687	GSM8552950_PA11-2	exhausted_CD8_nonoverlap	CD8A;CD8B;LAG3;HAVCR2;ENTPD1;LAYN	6	5	0.8333333333333334	0.9573146292585171	0.042685370741482966
GSE278687	GSM8552950_PA11-2	cDC_nonoverlap	CLEC10A;CD1C;FCER1A;CD1E	4	4	1.0	0.45250501002004007	0.5474949899799599
GSE278687	GSM8552950_PA11-2	macrophage_nonoverlap	C1QA;C1QB;C1QC;APOC1;GPNMB;SPP1	6	6	1.0	0.9997995991983968	0.0002004008016032064
GSE278687	GSM8552951_PA12	DC_core	FCER1A;CLEC10A;CD1C;CST3;HLA-DRA;HLA-DPA1;HLA-DPB1	7	4	0.5714285714285714	0.9075180226570546	0.09248197734294542
GSE278687	GSM8552951_PA12	mregDC_like	LAMP3;FSCN1;CCR7;CCL19;CD80;CD86	6	6	1.0	0.647167868177137	0.35283213182286305
GSE278687	GSM8552951_PA12	Tfh_like	CD3D;CD3E;CD4;CXCR5;PDCD1;ICOS;BCL6;IL7R;CXCL13	9	9	1.0	0.8543769309989702	0.14562306900102986
GSE278687	GSM8552951_PA12	broad_T_nonoverlap	TRAC;TRBC1;TRBC2;CD247;LCK;CD2;CD7	7	7	1.0	0.8243048403707518	0.1756951596292482
GSE278687	GSM8552951_PA12	non_Tfh_CD4_nonoverlap	LTB;LEF1;TCF7;SELL;MAL	5	5	1.0	0.6216271884654995	0.37837281153450053
GSE278687	GSM8552951_PA12	Treg_nonoverlap	FOXP3;IL2RA;CTLA4;TIGIT;IKZF2;TNFRSF4	6	6	1.0	0.3831101956745623	0.6168898043254377
GSE278687	GSM8552951_PA12	exhausted_CD8_nonoverlap	CD8A;CD8B;LAG3;HAVCR2;ENTPD1;LAYN	6	5	0.8333333333333334	0.6830072090628219	0.3169927909371782
GSE278687	GSM8552951_PA12	cDC_nonoverlap	CLEC10A;CD1C;FCER1A;CD1E	4	4	1.0	0.4164778578784758	0.5835221421215242
GSE278687	GSM8552951_PA12	macrophage_nonoverlap	C1QA;C1QB;C1QC;APOC1;GPNMB;SPP1	6	6	1.0	0.9695159629248198	0.030484037075180225
GSE278687	GSM8552952_PA21	DC_core	FCER1A;CLEC10A;CD1C;CST3;HLA-DRA;HLA-DPA1;HLA-DPB1	7	4	0.5714285714285714	0.9824277456647399	0.017572254335260117
GSE278687	GSM8552952_PA21	mregDC_like	LAMP3;FSCN1;CCR7;CCL19;CD80;CD86	6	6	1.0	0.8621965317919075	0.13780346820809247
GSE278687	GSM8552952_PA21	Tfh_like	CD3D;CD3E;CD4;CXCR5;PDCD1;ICOS;BCL6;IL7R;CXCL13	9	9	1.0	0.9371098265895954	0.06289017341040462
GSE278687	GSM8552952_PA21	broad_T_nonoverlap	TRAC;TRBC1;TRBC2;CD247;LCK;CD2;CD7	7	7	1.0	0.7743352601156069	0.22566473988439306
GSE278687	GSM8552952_PA21	non_Tfh_CD4_nonoverlap	LTB;LEF1;TCF7;SELL;MAL	5	5	1.0	0.7715606936416185	0.2284393063583815
GSE278687	GSM8552952_PA21	Treg_nonoverlap	FOXP3;IL2RA;CTLA4;TIGIT;IKZF2;TNFRSF4	6	6	1.0	0.6661271676300577	0.3338728323699422
GSE278687	GSM8552952_PA21	exhausted_CD8_nonoverlap	CD8A;CD8B;LAG3;HAVCR2;ENTPD1;LAYN	6	5	0.8333333333333334	0.8573410404624278	0.14265895953757227
GSE278687	GSM8552952_PA21	cDC_nonoverlap	CLEC10A;CD1C;FCER1A;CD1E	4	4	1.0	0.2628901734104046	0.7371098265895953
GSE278687	GSM8552952_PA21	macrophage_nonoverlap	C1QA;C1QB;C1QC;APOC1;GPNMB;SPP1	6	6	1.0	0.9995375722543353	0.00046242774566473987
GSE278687	GSM8552953_PA22	DC_core	FCER1A;CLEC10A;CD1C;CST3;HLA-DRA;HLA-DPA1;HLA-DPB1	7	4	0.5714285714285714	0.996760758907913	0.003239241092086997
GSE278687	GSM8552953_PA22	mregDC_like	LAMP3;FSCN1;CCR7;CCL19;CD80;CD86	6	6	1.0	0.7232762609902823	0.27672373900971775
GSE278687	GSM8552953_PA22	Tfh_like	CD3D;CD3E;CD4;CXCR5;PDCD1;ICOS;BCL6;IL7R;CXCL13	9	9	1.0	0.9268857010643221	0.07311429893567793
GSE278687	GSM8552953_PA22	broad_T_nonoverlap	TRAC;TRBC1;TRBC2;CD247;LCK;CD2;CD7	7	7	1.0	0.9153169828782971	0.08468301712170291
GSE278687	GSM8552953_PA22	non_Tfh_CD4_nonoverlap	LTB;LEF1;TCF7;SELL;MAL	5	5	1.0	0.6274872744099954	0.37251272559000465
GSE278687	GSM8552953_PA22	Treg_nonoverlap	FOXP3;IL2RA;CTLA4;TIGIT;IKZF2;TNFRSF4	6	6	1.0	0.4204072188801481	0.5795927811198519
GSE278687	GSM8552953_PA22	exhausted_CD8_nonoverlap	CD8A;CD8B;LAG3;HAVCR2;ENTPD1;LAYN	6	5	0.8333333333333334	0.8528459046737622	0.14715409532623785
GSE278687	GSM8552953_PA22	cDC_nonoverlap	CLEC10A;CD1C;FCER1A;CD1E	4	4	1.0	0.6094400740397964	0.3905599259602036
GSE278687	GSM8552953_PA22	macrophage_nonoverlap	C1QA;C1QB;C1QC;APOC1;GPNMB;SPP1	6	6	1.0	0.99537251272559	0.004627487274409995
GSE278687	GSM8552954_PA24	DC_core	FCER1A;CLEC10A;CD1C;CST3;HLA-DRA;HLA-DPA1;HLA-DPB1	7	4	0.5714285714285714	0.9070410550946607	0.09295894490533929
GSE278687	GSM8552954_PA24	mregDC_like	LAMP3;FSCN1;CCR7;CCL19;CD80;CD86	6	6	1.0	0.5232929164007658	0.4767070835992342
GSE278687	GSM8552954_PA24	Tfh_like	CD3D;CD3E;CD4;CXCR5;PDCD1;ICOS;BCL6;IL7R;CXCL13	9	9	1.0	0.6504998936396511	0.34950010636034884
GSE278687	GSM8552954_PA24	broad_T_nonoverlap	TRAC;TRBC1;TRBC2;CD247;LCK;CD2;CD7	7	7	1.0	0.6828334396936822	0.3171665603063178
GSE278687	GSM8552954_PA24	non_Tfh_CD4_nonoverlap	LTB;LEF1;TCF7;SELL;MAL	5	5	1.0	0.400765794511806	0.599234205488194
GSE278687	GSM8552954_PA24	Treg_nonoverlap	FOXP3;IL2RA;CTLA4;TIGIT;IKZF2;TNFRSF4	6	6	1.0	0.29419272495213783	0.7058072750478621
GSE278687	GSM8552954_PA24	exhausted_CD8_nonoverlap	CD8A;CD8B;LAG3;HAVCR2;ENTPD1;LAYN	6	5	0.8333333333333334	0.5118059987236758	0.4881940012763242
GSE278687	GSM8552954_PA24	cDC_nonoverlap	CLEC10A;CD1C;FCER1A;CD1E	4	4	1.0	0.30185067007019784	0.6981493299298022
GSE278687	GSM8552954_PA24	macrophage_nonoverlap	C1QA;C1QB;C1QC;APOC1;GPNMB;SPP1	6	6	1.0	0.9291640076579452	0.07083599234205488
GSE278687	GSM8552955_PA29	DC_core	FCER1A;CLEC10A;CD1C;CST3;HLA-DRA;HLA-DPA1;HLA-DPB1	7	4	0.5714285714285714	0.9467147435897436	0.05328525641025641
GSE278687	GSM8552955_PA29	mregDC_like	LAMP3;FSCN1;CCR7;CCL19;CD80;CD86	6	6	1.0	0.7347756410256411	0.265224358974359
GSE278687	GSM8552955_PA29	Tfh_like	CD3D;CD3E;CD4;CXCR5;PDCD1;ICOS;BCL6;IL7R;CXCL13	9	9	1.0	0.8313301282051282	0.1686698717948718
GSE278687	GSM8552955_PA29	broad_T_nonoverlap	TRAC;TRBC1;TRBC2;CD247;LCK;CD2;CD7	7	7	1.0	0.8283253205128205	0.1716746794871795
GSE278687	GSM8552955_PA29	non_Tfh_CD4_nonoverlap	LTB;LEF1;TCF7;SELL;MAL	5	5	1.0	0.7131410256410257	0.28685897435897434
GSE278687	GSM8552955_PA29	Treg_nonoverlap	FOXP3;IL2RA;CTLA4;TIGIT;IKZF2;TNFRSF4	6	6	1.0	0.46534455128205127	0.5346554487179487
GSE278687	GSM8552955_PA29	exhausted_CD8_nonoverlap	CD8A;CD8B;LAG3;HAVCR2;ENTPD1;LAYN	6	5	0.8333333333333334	0.7369791666666666	0.2630208333333333
GSE278687	GSM8552955_PA29	cDC_nonoverlap	CLEC10A;CD1C;FCER1A;CD1E	4	4	1.0	0.37880608974358976	0.6211939102564102
GSE278687	GSM8552955_PA29	macrophage_nonoverlap	C1QA;C1QB;C1QC;APOC1;GPNMB;SPP1	6	6	1.0	0.9419070512820513	0.05809294871794872
GSE278687	GSM8552956_PA40	DC_core	FCER1A;CLEC10A;CD1C;CST3;HLA-DRA;HLA-DPA1;HLA-DPB1	7	4	0.5714285714285714	0.9946402803545661	0.005359719645433931
GSE278687	GSM8552956_PA40	mregDC_like	LAMP3;FSCN1;CCR7;CCL19;CD80;CD86	6	6	1.0	0.6128633271490415	0.38713667285095854
GSE278687	GSM8552956_PA40	Tfh_like	CD3D;CD3E;CD4;CXCR5;PDCD1;ICOS;BCL6;IL7R;CXCL13	9	9	1.0	0.7730364873222016	0.22696351267779838
GSE278687	GSM8552956_PA40	broad_T_nonoverlap	TRAC;TRBC1;TRBC2;CD247;LCK;CD2;CD7	7	7	1.0	0.6058544629973202	0.39414553700267985
GSE278687	GSM8552956_PA40	non_Tfh_CD4_nonoverlap	LTB;LEF1;TCF7;SELL;MAL	5	5	1.0	0.6586270871985158	0.34137291280148424
GSE278687	GSM8552956_PA40	Treg_nonoverlap	FOXP3;IL2RA;CTLA4;TIGIT;IKZF2;TNFRSF4	6	6	1.0	0.39290867862296436	0.6070913213770357
GSE278687	GSM8552956_PA40	exhausted_CD8_nonoverlap	CD8A;CD8B;LAG3;HAVCR2;ENTPD1;LAYN	6	5	0.8333333333333334	0.7837559266130695	0.21624407338693052
GSE278687	GSM8552956_PA40	cDC_nonoverlap	CLEC10A;CD1C;FCER1A;CD1E	4	4	1.0	0.3508554937126366	0.6491445062873634
GSE278687	GSM8552956_PA40	macrophage_nonoverlap	C1QA;C1QB;C1QC;APOC1;GPNMB;SPP1	6	6	1.0	0.9824778396206968	0.017522160379303237
GSE278687	GSM8552957_PA47	DC_core	FCER1A;CLEC10A;CD1C;CST3;HLA-DRA;HLA-DPA1;HLA-DPB1	7	4	0.5714285714285714	0.7624626121635095	0.23753738783649053
GSE278687	GSM8552957_PA47	mregDC_like	LAMP3;FSCN1;CCR7;CCL19;CD80;CD86	6	6	1.0	0.5436191425722832	0.45638085742771684
GSE278687	GSM8552957_PA47	Tfh_like	CD3D;CD3E;CD4;CXCR5;PDCD1;ICOS;BCL6;IL7R;CXCL13	9	9	1.0	0.678963110667996	0.32103688933200397
GSE278687	GSM8552957_PA47	broad_T_nonoverlap	TRAC;TRBC1;TRBC2;CD247;LCK;CD2;CD7	7	7	1.0	0.6911764705882353	0.3088235294117647
GSE278687	GSM8552957_PA47	non_Tfh_CD4_nonoverlap	LTB;LEF1;TCF7;SELL;MAL	5	5	1.0	0.4484047856430708	0.5515952143569293
GSE278687	GSM8552957_PA47	Treg_nonoverlap	FOXP3;IL2RA;CTLA4;TIGIT;IKZF2;TNFRSF4	6	6	1.0	0.31480558325024927	0.6851944167497508
GSE278687	GSM8552957_PA47	exhausted_CD8_nonoverlap	CD8A;CD8B;LAG3;HAVCR2;ENTPD1;LAYN	6	5	0.8333333333333334	0.5119641076769691	0.4880358923230309
GSE278687	GSM8552957_PA47	cDC_nonoverlap	CLEC10A;CD1C;FCER1A;CD1E	4	4	1.0	0.21086739780658026	0.7891326021934197
GSE278687	GSM8552957_PA47	macrophage_nonoverlap	C1QA;C1QB;C1QC;APOC1;GPNMB;SPP1	6	6	1.0	0.807826520438684	0.19217347956131606
GSE278687	GSM8552958_PA72	DC_core	FCER1A;CLEC10A;CD1C;CST3;HLA-DRA;HLA-DPA1;HLA-DPB1	7	4	0.5714285714285714	0.9431726907630522	0.056827309236947794
GSE278687	GSM8552958_PA72	mregDC_like	LAMP3;FSCN1;CCR7;CCL19;CD80;CD86	6	6	1.0	0.6369477911646586	0.36305220883534134
GSE278687	GSM8552958_PA72	Tfh_like	CD3D;CD3E;CD4;CXCR5;PDCD1;ICOS;BCL6;IL7R;CXCL13	9	9	1.0	0.8600401606425703	0.13995983935742973
GSE278687	GSM8552958_PA72	broad_T_nonoverlap	TRAC;TRBC1;TRBC2;CD247;LCK;CD2;CD7	7	7	1.0	0.8502008032128514	0.1497991967871486
GSE278687	GSM8552958_PA72	non_Tfh_CD4_nonoverlap	LTB;LEF1;TCF7;SELL;MAL	5	5	1.0	0.5917670682730923	0.4082329317269076
GSE278687	GSM8552958_PA72	Treg_nonoverlap	FOXP3;IL2RA;CTLA4;TIGIT;IKZF2;TNFRSF4	6	6	1.0	0.3349397590361446	0.6650602409638554
GSE278687	GSM8552958_PA72	exhausted_CD8_nonoverlap	CD8A;CD8B;LAG3;HAVCR2;ENTPD1;LAYN	6	5	0.8333333333333334	0.6889558232931727	0.3110441767068273
GSE278687	GSM8552958_PA72	cDC_nonoverlap	CLEC10A;CD1C;FCER1A;CD1E	4	4	1.0	0.4987951807228916	0.5012048192771085
GSE278687	GSM8552958_PA72	macrophage_nonoverlap	C1QA;C1QB;C1QC;APOC1;GPNMB;SPP1	6	6	1.0	0.9632530120481928	0.03674698795180723
GSE278687	GSM8552959_PA85	DC_core	FCER1A;CLEC10A;CD1C;CST3;HLA-DRA;HLA-DPA1;HLA-DPB1	7	4	0.5714285714285714	0.9935724652705785	0.006427534729421522
GSE278687	GSM8552959_PA85	mregDC_like	LAMP3;FSCN1;CCR7;CCL19;CD80;CD86	6	6	1.0	0.7333609786439975	0.2666390213560025
GSE278687	GSM8552959_PA85	Tfh_like	CD3D;CD3E;CD4;CXCR5;PDCD1;ICOS;BCL6;IL7R;CXCL13	9	9	1.0	0.8890731909599834	0.11092680904001659
GSE278687	GSM8552959_PA85	broad_T_nonoverlap	TRAC;TRBC1;TRBC2;CD247;LCK;CD2;CD7	7	7	1.0	0.7710968277006013	0.22890317229939872
GSE278687	GSM8552959_PA85	non_Tfh_CD4_nonoverlap	LTB;LEF1;TCF7;SELL;MAL	5	5	1.0	0.6524984449512752	0.3475015550487249
GSE278687	GSM8552959_PA85	Treg_nonoverlap	FOXP3;IL2RA;CTLA4;TIGIT;IKZF2;TNFRSF4	6	6	1.0	0.45303752850922663	0.5469624714907734
GSE278687	GSM8552959_PA85	exhausted_CD8_nonoverlap	CD8A;CD8B;LAG3;HAVCR2;ENTPD1;LAYN	6	5	0.8333333333333334	0.7766950031100974	0.22330499688990255
GSE278687	GSM8552959_PA85	cDC_nonoverlap	CLEC10A;CD1C;FCER1A;CD1E	4	4	1.0	0.4175824175824176	0.5824175824175825
GSE278687	GSM8552959_PA85	macrophage_nonoverlap	C1QA;C1QB;C1QC;APOC1;GPNMB;SPP1	6	6	1.0	0.9970972423802612	0.002902757619738752
GSE278687	GSM8552960_PA98	DC_core	FCER1A;CLEC10A;CD1C;CST3;HLA-DRA;HLA-DPA1;HLA-DPB1	7	4	0.5714285714285714	0.9623397435897436	0.03766025641025641
GSE278687	GSM8552960_PA98	mregDC_like	LAMP3;FSCN1;CCR7;CCL19;CD80;CD86	6	6	1.0	0.7938701923076923	0.20612980769230768
GSE278687	GSM8552960_PA98	Tfh_like	CD3D;CD3E;CD4;CXCR5;PDCD1;ICOS;BCL6;IL7R;CXCL13	9	9	1.0	0.9002403846153846	0.09975961538461539
GSE278687	GSM8552960_PA98	broad_T_nonoverlap	TRAC;TRBC1;TRBC2;CD247;LCK;CD2;CD7	7	7	1.0	0.8425480769230769	0.15745192307692307
GSE278687	GSM8552960_PA98	non_Tfh_CD4_nonoverlap	LTB;LEF1;TCF7;SELL;MAL	5	5	1.0	0.8066907051282052	0.19330929487179488
GSE278687	GSM8552960_PA98	Treg_nonoverlap	FOXP3;IL2RA;CTLA4;TIGIT;IKZF2;TNFRSF4	6	6	1.0	0.6111778846153846	0.38882211538461536
GSE278687	GSM8552960_PA98	exhausted_CD8_nonoverlap	CD8A;CD8B;LAG3;HAVCR2;ENTPD1;LAYN	6	5	0.8333333333333334	0.8339342948717948	0.16606570512820512
GSE278687	GSM8552960_PA98	cDC_nonoverlap	CLEC10A;CD1C;FCER1A;CD1E	4	4	1.0	0.483974358974359	0.5160256410256411
GSE278687	GSM8552960_PA98	macrophage_nonoverlap	C1QA;C1QB;C1QC;APOC1;GPNMB;SPP1	6	6	1.0	0.9613381410256411	0.038661858974358976
GSE277116	pdac2	DC_core	FCER1A;CLEC10A;CD1C;CST3;HLA-DRA;HLA-DPA1;HLA-DPB1	7	7	1.0	0.9228358793576185	0.07716412064238151
GSE277116	pdac2	mregDC_like	LAMP3;FSCN1;CCR7;CCL19;CD80;CD86	6	6	1.0	0.6204465334900118	0.3795534665099882
GSE277116	pdac2	Tfh_like	CD3D;CD3E;CD4;CXCR5;PDCD1;ICOS;BCL6;IL7R;CXCL13	9	9	1.0	0.7207207207207207	0.27927927927927926
GSE277116	pdac2	broad_T_nonoverlap	TRAC;TRBC1;TRBC2;CD247;LCK;CD2;CD7	7	7	1.0	0.627888758323541	0.3721112416764591
GSE277116	pdac2	non_Tfh_CD4_nonoverlap	LTB;LEF1;TCF7;SELL;MAL	5	5	1.0	0.3936545240893067	0.6063454759106933
GSE277116	pdac2	Treg_nonoverlap	FOXP3;IL2RA;CTLA4;TIGIT;IKZF2;TNFRSF4	6	6	1.0	0.35879357618488056	0.6412064238151195
GSE277116	pdac2	exhausted_CD8_nonoverlap	CD8A;CD8B;LAG3;HAVCR2;ENTPD1;LAYN	6	6	1.0	0.4625930278104191	0.5374069721895809
GSE277116	pdac2	cDC_nonoverlap	CLEC10A;CD1C;FCER1A;CD1E	4	4	1.0	0.09244026635330983	0.9075597336466902
GSE277116	pdac2	macrophage_nonoverlap	C1QA;C1QB;C1QC;APOC1;GPNMB;SPP1	6	6	1.0	0.8437132784958872	0.1562867215041128
GSE277116	pdac4	DC_core	FCER1A;CLEC10A;CD1C;CST3;HLA-DRA;HLA-DPA1;HLA-DPB1	7	7	1.0	0.567929582854956	0.432070417145044
GSE277116	pdac4	mregDC_like	LAMP3;FSCN1;CCR7;CCL19;CD80;CD86	6	6	1.0	0.20015308075009566	0.7998469192499044
GSE277116	pdac4	Tfh_like	CD3D;CD3E;CD4;CXCR5;PDCD1;ICOS;BCL6;IL7R;CXCL13	9	9	1.0	0.2969766551856104	0.7030233448143896
GSE277116	pdac4	broad_T_nonoverlap	TRAC;TRBC1;TRBC2;CD247;LCK;CD2;CD7	7	7	1.0	0.338691159586682	0.661308840413318
GSE277116	pdac4	non_Tfh_CD4_nonoverlap	LTB;LEF1;TCF7;SELL;MAL	5	5	1.0	0.1312667432070417	0.8687332567929583
GSE277116	pdac4	Treg_nonoverlap	FOXP3;IL2RA;CTLA4;TIGIT;IKZF2;TNFRSF4	6	6	1.0	0.07156525066972828	0.9284347493302717
GSE277116	pdac4	exhausted_CD8_nonoverlap	CD8A;CD8B;LAG3;HAVCR2;ENTPD1;LAYN	6	6	1.0	0.08342900880214313	0.9165709911978569
GSE277116	pdac4	cDC_nonoverlap	CLEC10A;CD1C;FCER1A;CD1E	4	4	1.0	0.03329506314580941	0.9667049368541906
GSE277116	pdac4	macrophage_nonoverlap	C1QA;C1QB;C1QC;APOC1;GPNMB;SPP1	6	6	1.0	0.19632606199770378	0.8036739380022963
GSE277116	pdac5	DC_core	FCER1A;CLEC10A;CD1C;CST3;HLA-DRA;HLA-DPA1;HLA-DPB1	7	7	1.0	0.7390769230769231	0.2609230769230769
GSE277116	pdac5	mregDC_like	LAMP3;FSCN1;CCR7;CCL19;CD80;CD86	6	6	1.0	0.20123076923076924	0.7987692307692308
GSE277116	pdac5	Tfh_like	CD3D;CD3E;CD4;CXCR5;PDCD1;ICOS;BCL6;IL7R;CXCL13	9	9	1.0	0.3812307692307692	0.6187692307692307
GSE277116	pdac5	broad_T_nonoverlap	TRAC;TRBC1;TRBC2;CD247;LCK;CD2;CD7	7	7	1.0	0.23876923076923076	0.7612307692307693
GSE277116	pdac5	non_Tfh_CD4_nonoverlap	LTB;LEF1;TCF7;SELL;MAL	5	5	1.0	0.19538461538461538	0.8046153846153846
GSE277116	pdac5	Treg_nonoverlap	FOXP3;IL2RA;CTLA4;TIGIT;IKZF2;TNFRSF4	6	6	1.0	0.11138461538461539	0.8886153846153846
GSE277116	pdac5	exhausted_CD8_nonoverlap	CD8A;CD8B;LAG3;HAVCR2;ENTPD1;LAYN	6	6	1.0	0.19446153846153846	0.8055384615384615
GSE277116	pdac5	cDC_nonoverlap	CLEC10A;CD1C;FCER1A;CD1E	4	4	1.0	0.08553846153846154	0.9144615384615384
GSE277116	pdac5	macrophage_nonoverlap	C1QA;C1QB;C1QC;APOC1;GPNMB;SPP1	6	6	1.0	0.6793846153846154	0.32061538461538464
GSE277116	pdac6	DC_core	FCER1A;CLEC10A;CD1C;CST3;HLA-DRA;HLA-DPA1;HLA-DPB1	7	7	1.0	0.9716626835097303	0.028337316490269715
GSE277116	pdac6	mregDC_like	LAMP3;FSCN1;CCR7;CCL19;CD80;CD86	6	6	1.0	0.8292932741550018	0.1707067258449983
GSE277116	pdac6	Tfh_like	CD3D;CD3E;CD4;CXCR5;PDCD1;ICOS;BCL6;IL7R;CXCL13	9	9	1.0	0.890406282007511	0.1095937179924889
GSE277116	pdac6	broad_T_nonoverlap	TRAC;TRBC1;TRBC2;CD247;LCK;CD2;CD7	7	7	1.0	0.8856264936838512	0.11437350631614886
GSE277116	pdac6	non_Tfh_CD4_nonoverlap	LTB;LEF1;TCF7;SELL;MAL	5	5	1.0	0.794469102082622	0.20553089791737794
GSE277116	pdac6	Treg_nonoverlap	FOXP3;IL2RA;CTLA4;TIGIT;IKZF2;TNFRSF4	6	6	1.0	0.7637418914305224	0.23625810856947763
GSE277116	pdac6	exhausted_CD8_nonoverlap	CD8A;CD8B;LAG3;HAVCR2;ENTPD1;LAYN	6	6	1.0	0.7145783543871629	0.28542164561283717
GSE277116	pdac6	cDC_nonoverlap	CLEC10A;CD1C;FCER1A;CD1E	4	4	1.0	0.49470809149880507	0.505291908501195
GSE277116	pdac6	macrophage_nonoverlap	C1QA;C1QB;C1QC;APOC1;GPNMB;SPP1	6	6	1.0	0.9306930693069307	0.06930693069306931
GSE277116	pdac7	DC_core	FCER1A;CLEC10A;CD1C;CST3;HLA-DRA;HLA-DPA1;HLA-DPB1	7	7	1.0	0.9136618589743589	0.08633814102564102
GSE277116	pdac7	mregDC_like	LAMP3;FSCN1;CCR7;CCL19;CD80;CD86	6	6	1.0	0.49198717948717946	0.5080128205128205
GSE277116	pdac7	Tfh_like	CD3D;CD3E;CD4;CXCR5;PDCD1;ICOS;BCL6;IL7R;CXCL13	9	9	1.0	0.6384214743589743	0.36157852564102566
GSE277116	pdac7	broad_T_nonoverlap	TRAC;TRBC1;TRBC2;CD247;LCK;CD2;CD7	7	7	1.0	0.5933493589743589	0.406650641025641
GSE277116	pdac7	non_Tfh_CD4_nonoverlap	LTB;LEF1;TCF7;SELL;MAL	5	5	1.0	0.3896233974358974	0.6103766025641025
GSE277116	pdac7	Treg_nonoverlap	FOXP3;IL2RA;CTLA4;TIGIT;IKZF2;TNFRSF4	6	6	1.0	0.3717948717948718	0.6282051282051282
GSE277116	pdac7	exhausted_CD8_nonoverlap	CD8A;CD8B;LAG3;HAVCR2;ENTPD1;LAYN	6	6	1.0	0.4439102564102564	0.5560897435897436
GSE277116	pdac7	cDC_nonoverlap	CLEC10A;CD1C;FCER1A;CD1E	4	4	1.0	0.13040865384615385	0.8695913461538461
GSE277116	pdac7	macrophage_nonoverlap	C1QA;C1QB;C1QC;APOC1;GPNMB;SPP1	6	6	1.0	0.8143028846153846	0.1856971153846154
GSE277116	pdac8	DC_core	FCER1A;CLEC10A;CD1C;CST3;HLA-DRA;HLA-DPA1;HLA-DPB1	7	7	1.0	0.9855421686746988	0.014457831325301205
GSE277116	pdac8	mregDC_like	LAMP3;FSCN1;CCR7;CCL19;CD80;CD86	6	6	1.0	0.7397590361445783	0.26024096385542167
GSE277116	pdac8	Tfh_like	CD3D;CD3E;CD4;CXCR5;PDCD1;ICOS;BCL6;IL7R;CXCL13	9	9	1.0	0.9012048192771084	0.09879518072289156
GSE277116	pdac8	broad_T_nonoverlap	TRAC;TRBC1;TRBC2;CD247;LCK;CD2;CD7	7	7	1.0	0.8424698795180723	0.15753012048192772
GSE277116	pdac8	non_Tfh_CD4_nonoverlap	LTB;LEF1;TCF7;SELL;MAL	5	5	1.0	0.6746987951807228	0.3253012048192771
GSE277116	pdac8	Treg_nonoverlap	FOXP3;IL2RA;CTLA4;TIGIT;IKZF2;TNFRSF4	6	6	1.0	0.4602409638554217	0.5397590361445783
GSE277116	pdac8	exhausted_CD8_nonoverlap	CD8A;CD8B;LAG3;HAVCR2;ENTPD1;LAYN	6	6	1.0	0.7168674698795181	0.28313253012048195
GSE277116	pdac8	cDC_nonoverlap	CLEC10A;CD1C;FCER1A;CD1E	4	4	1.0	0.48343373493975905	0.516566265060241
GSE277116	pdac8	macrophage_nonoverlap	C1QA;C1QB;C1QC;APOC1;GPNMB;SPP1	6	6	1.0	0.9698795180722891	0.030120481927710843
GSE277116	pdac9	DC_core	FCER1A;CLEC10A;CD1C;CST3;HLA-DRA;HLA-DPA1;HLA-DPB1	7	7	1.0	0.9987236758136566	0.0012763241863433313
GSE277116	pdac9	mregDC_like	LAMP3;FSCN1;CCR7;CCL19;CD80;CD86	6	6	1.0	0.681238034460753	0.31876196553924696
GSE277116	pdac9	Tfh_like	CD3D;CD3E;CD4;CXCR5;PDCD1;ICOS;BCL6;IL7R;CXCL13	9	9	1.0	0.7763241863433312	0.2236758136566688
GSE277116	pdac9	broad_T_nonoverlap	TRAC;TRBC1;TRBC2;CD247;LCK;CD2;CD7	7	7	1.0	0.7070835992342055	0.2929164007657945
GSE277116	pdac9	non_Tfh_CD4_nonoverlap	LTB;LEF1;TCF7;SELL;MAL	5	5	1.0	0.6199744735162731	0.3800255264837269
GSE277116	pdac9	Treg_nonoverlap	FOXP3;IL2RA;CTLA4;TIGIT;IKZF2;TNFRSF4	6	6	1.0	0.29227823867262287	0.7077217613273772
GSE277116	pdac9	exhausted_CD8_nonoverlap	CD8A;CD8B;LAG3;HAVCR2;ENTPD1;LAYN	6	6	1.0	0.6429483088704531	0.3570516911295469
GSE277116	pdac9	cDC_nonoverlap	CLEC10A;CD1C;FCER1A;CD1E	4	4	1.0	0.08615188257817485	0.9138481174218251
GSE277116	pdac9	macrophage_nonoverlap	C1QA;C1QB;C1QC;APOC1;GPNMB;SPP1	6	6	1.0	0.9993618379068283	0.0006381620931716656
GSE277116	pdac11	DC_core	FCER1A;CLEC10A;CD1C;CST3;HLA-DRA;HLA-DPA1;HLA-DPB1	7	7	1.0	0.9983465608465608	0.0016534391534391533
GSE277116	pdac11	mregDC_like	LAMP3;FSCN1;CCR7;CCL19;CD80;CD86	6	6	1.0	0.7595899470899471	0.2404100529100529
GSE277116	pdac11	Tfh_like	CD3D;CD3E;CD4;CXCR5;PDCD1;ICOS;BCL6;IL7R;CXCL13	9	9	1.0	0.896494708994709	0.103505291005291
GSE277116	pdac11	broad_T_nonoverlap	TRAC;TRBC1;TRBC2;CD247;LCK;CD2;CD7	7	7	1.0	0.9093915343915344	0.09060846560846561
GSE277116	pdac11	non_Tfh_CD4_nonoverlap	LTB;LEF1;TCF7;SELL;MAL	5	5	1.0	0.398478835978836	0.6015211640211641
GSE277116	pdac11	Treg_nonoverlap	FOXP3;IL2RA;CTLA4;TIGIT;IKZF2;TNFRSF4	6	6	1.0	0.3349867724867725	0.6650132275132276
GSE277116	pdac11	exhausted_CD8_nonoverlap	CD8A;CD8B;LAG3;HAVCR2;ENTPD1;LAYN	6	6	1.0	0.546957671957672	0.453042328042328
GSE277116	pdac11	cDC_nonoverlap	CLEC10A;CD1C;FCER1A;CD1E	4	4	1.0	0.3915343915343915	0.6084656084656085
GSE277116	pdac11	macrophage_nonoverlap	C1QA;C1QB;C1QC;APOC1;GPNMB;SPP1	6	6	1.0	0.9586640211640212	0.04133597883597884
GSE277116	pdac15	DC_core	FCER1A;CLEC10A;CD1C;CST3;HLA-DRA;HLA-DPA1;HLA-DPB1	7	7	1.0	0.8912386706948641	0.10876132930513595
GSE277116	pdac15	mregDC_like	LAMP3;FSCN1;CCR7;CCL19;CD80;CD86	6	6	1.0	0.3421450151057402	0.6578549848942599
GSE277116	pdac15	Tfh_like	CD3D;CD3E;CD4;CXCR5;PDCD1;ICOS;BCL6;IL7R;CXCL13	9	9	1.0	0.3240181268882175	0.6759818731117825
GSE277116	pdac15	broad_T_nonoverlap	TRAC;TRBC1;TRBC2;CD247;LCK;CD2;CD7	7	7	1.0	0.4078549848942598	0.5921450151057401
GSE277116	pdac15	non_Tfh_CD4_nonoverlap	LTB;LEF1;TCF7;SELL;MAL	5	5	1.0	0.18126888217522658	0.8187311178247734
GSE277116	pdac15	Treg_nonoverlap	FOXP3;IL2RA;CTLA4;TIGIT;IKZF2;TNFRSF4	6	6	1.0	0.09818731117824774	0.9018126888217523
GSE277116	pdac15	exhausted_CD8_nonoverlap	CD8A;CD8B;LAG3;HAVCR2;ENTPD1;LAYN	6	6	1.0	0.24244712990936557	0.7575528700906344
GSE277116	pdac15	cDC_nonoverlap	CLEC10A;CD1C;FCER1A;CD1E	4	4	1.0	0.08383685800604229	0.9161631419939577
GSE277116	pdac15	macrophage_nonoverlap	C1QA;C1QB;C1QC;APOC1;GPNMB;SPP1	6	6	1.0	0.777190332326284	0.22280966767371602
GSE277116	pdac16	DC_core	FCER1A;CLEC10A;CD1C;CST3;HLA-DRA;HLA-DPA1;HLA-DPB1	7	7	1.0	0.6297822248381401	0.37021777516185994
GSE277116	pdac16	mregDC_like	LAMP3;FSCN1;CCR7;CCL19;CD80;CD86	6	6	1.0	0.21012360211889347	0.7898763978811065
GSE277116	pdac16	Tfh_like	CD3D;CD3E;CD4;CXCR5;PDCD1;ICOS;BCL6;IL7R;CXCL13	9	9	1.0	0.21954090641553856	0.7804590935844614
GSE277116	pdac16	broad_T_nonoverlap	TRAC;TRBC1;TRBC2;CD247;LCK;CD2;CD7	7	7	1.0	0.25662154208357857	0.7433784579164214
GSE277116	pdac16	non_Tfh_CD4_nonoverlap	LTB;LEF1;TCF7;SELL;MAL	5	5	1.0	0.1288993525603296	0.8711006474396704
GSE277116	pdac16	Treg_nonoverlap	FOXP3;IL2RA;CTLA4;TIGIT;IKZF2;TNFRSF4	6	6	1.0	0.05532666274278988	0.9446733372572101
GSE277116	pdac16	exhausted_CD8_nonoverlap	CD8A;CD8B;LAG3;HAVCR2;ENTPD1;LAYN	6	6	1.0	0.09181871689228958	0.9081812831077104
GSE277116	pdac16	cDC_nonoverlap	CLEC10A;CD1C;FCER1A;CD1E	4	4	1.0	0.00529723366686286	0.9947027663331371
GSE277116	pdac16	macrophage_nonoverlap	C1QA;C1QB;C1QC;APOC1;GPNMB;SPP1	6	6	1.0	0.6839317245438493	0.3160682754561507
GSE277116	pdac18	DC_core	FCER1A;CLEC10A;CD1C;CST3;HLA-DRA;HLA-DPA1;HLA-DPB1	7	7	1.0	0.9893679858239811	0.010632014176018901
GSE277116	pdac18	mregDC_like	LAMP3;FSCN1;CCR7;CCL19;CD80;CD86	6	6	1.0	0.6963969285292381	0.303603071470762
GSE277116	pdac18	Tfh_like	CD3D;CD3E;CD4;CXCR5;PDCD1;ICOS;BCL6;IL7R;CXCL13	9	9	1.0	0.5540460720614294	0.4459539279385706
GSE277116	pdac18	broad_T_nonoverlap	TRAC;TRBC1;TRBC2;CD247;LCK;CD2;CD7	7	7	1.0	0.6408741878322505	0.3591258121677496
GSE277116	pdac18	non_Tfh_CD4_nonoverlap	LTB;LEF1;TCF7;SELL;MAL	5	5	1.0	0.42941523922031893	0.570584760779681
GSE277116	pdac18	Treg_nonoverlap	FOXP3;IL2RA;CTLA4;TIGIT;IKZF2;TNFRSF4	6	6	1.0	0.28470171293561725	0.7152982870643827
GSE277116	pdac18	exhausted_CD8_nonoverlap	CD8A;CD8B;LAG3;HAVCR2;ENTPD1;LAYN	6	6	1.0	0.3520378027170703	0.6479621972829297
GSE277116	pdac18	cDC_nonoverlap	CLEC10A;CD1C;FCER1A;CD1E	4	4	1.0	0.11045481393975191	0.8895451860602481
GSE277116	pdac18	macrophage_nonoverlap	C1QA;C1QB;C1QC;APOC1;GPNMB;SPP1	6	6	1.0	0.8854105138806851	0.11458948611931483
GSE277116	pdac19	DC_core	FCER1A;CLEC10A;CD1C;CST3;HLA-DRA;HLA-DPA1;HLA-DPB1	7	7	1.0	0.9603841536614646	0.03961584633853541
GSE277116	pdac19	mregDC_like	LAMP3;FSCN1;CCR7;CCL19;CD80;CD86	6	6	1.0	0.48139255702280914	0.5186074429771909
GSE277116	pdac19	Tfh_like	CD3D;CD3E;CD4;CXCR5;PDCD1;ICOS;BCL6;IL7R;CXCL13	9	9	1.0	0.45778311324529813	0.5422168867547019
GSE277116	pdac19	broad_T_nonoverlap	TRAC;TRBC1;TRBC2;CD247;LCK;CD2;CD7	7	7	1.0	0.508203281312525	0.491796718687475
GSE277116	pdac19	non_Tfh_CD4_nonoverlap	LTB;LEF1;TCF7;SELL;MAL	5	5	1.0	0.27010804321728693	0.7298919567827131
GSE277116	pdac19	Treg_nonoverlap	FOXP3;IL2RA;CTLA4;TIGIT;IKZF2;TNFRSF4	6	6	1.0	0.15286114445778312	0.8471388555422169
GSE277116	pdac19	exhausted_CD8_nonoverlap	CD8A;CD8B;LAG3;HAVCR2;ENTPD1;LAYN	6	6	1.0	0.23649459783913565	0.7635054021608644
GSE277116	pdac19	cDC_nonoverlap	CLEC10A;CD1C;FCER1A;CD1E	4	4	1.0	0.13165266106442577	0.8683473389355743
GSE277116	pdac19	macrophage_nonoverlap	C1QA;C1QB;C1QC;APOC1;GPNMB;SPP1	6	6	1.0	0.8031212484993998	0.19687875150060025
GSE277116	pdac20	DC_core	FCER1A;CLEC10A;CD1C;CST3;HLA-DRA;HLA-DPA1;HLA-DPB1	7	7	1.0	0.7703768624014022	0.22962313759859773
GSE277116	pdac20	mregDC_like	LAMP3;FSCN1;CCR7;CCL19;CD80;CD86	6	6	1.0	0.1831726555652936	0.8168273444347064
GSE277116	pdac20	Tfh_like	CD3D;CD3E;CD4;CXCR5;PDCD1;ICOS;BCL6;IL7R;CXCL13	9	9	1.0	0.15016067776803974	0.8498393222319602
GSE277116	pdac20	broad_T_nonoverlap	TRAC;TRBC1;TRBC2;CD247;LCK;CD2;CD7	7	7	1.0	0.16301489921121823	0.8369851007887817
GSE277116	pdac20	non_Tfh_CD4_nonoverlap	LTB;LEF1;TCF7;SELL;MAL	5	5	1.0	0.09377738825591586	0.9062226117440841
GSE277116	pdac20	Treg_nonoverlap	FOXP3;IL2RA;CTLA4;TIGIT;IKZF2;TNFRSF4	6	6	1.0	0.05141688577271399	0.948583114227286
GSE277116	pdac20	exhausted_CD8_nonoverlap	CD8A;CD8B;LAG3;HAVCR2;ENTPD1;LAYN	6	6	1.0	0.08384458077709611	0.9161554192229039
GSE277116	pdac20	cDC_nonoverlap	CLEC10A;CD1C;FCER1A;CD1E	4	4	1.0	0.015191352614665497	0.9848086473853345
GSE277116	pdac20	macrophage_nonoverlap	C1QA;C1QB;C1QC;APOC1;GPNMB;SPP1	6	6	1.0	0.576979257960853	0.42302074203914697
GSE277116	pdac22	DC_core	FCER1A;CLEC10A;CD1C;CST3;HLA-DRA;HLA-DPA1;HLA-DPB1	7	7	1.0	0.48079561042524005	0.5192043895747599
GSE277116	pdac22	mregDC_like	LAMP3;FSCN1;CCR7;CCL19;CD80;CD86	6	6	1.0	0.11934156378600823	0.8806584362139918
GSE277116	pdac22	Tfh_like	CD3D;CD3E;CD4;CXCR5;PDCD1;ICOS;BCL6;IL7R;CXCL13	9	9	1.0	0.11454046639231824	0.8854595336076817
GSE277116	pdac22	broad_T_nonoverlap	TRAC;TRBC1;TRBC2;CD247;LCK;CD2;CD7	7	7	1.0	0.15706447187928668	0.8429355281207133
GSE277116	pdac22	non_Tfh_CD4_nonoverlap	LTB;LEF1;TCF7;SELL;MAL	5	5	1.0	0.12139917695473251	0.8786008230452675
GSE277116	pdac22	Treg_nonoverlap	FOXP3;IL2RA;CTLA4;TIGIT;IKZF2;TNFRSF4	6	6	1.0	0.02263374485596708	0.977366255144033
GSE277116	pdac22	exhausted_CD8_nonoverlap	CD8A;CD8B;LAG3;HAVCR2;ENTPD1;LAYN	6	6	1.0	0.06172839506172839	0.9382716049382716
GSE277116	pdac22	cDC_nonoverlap	CLEC10A;CD1C;FCER1A;CD1E	4	4	1.0	0.013717421124828532	0.9862825788751715
GSE277116	pdac22	macrophage_nonoverlap	C1QA;C1QB;C1QC;APOC1;GPNMB;SPP1	6	6	1.0	0.21056241426611796	0.789437585733882
GSE277116	pdac23	DC_core	FCER1A;CLEC10A;CD1C;CST3;HLA-DRA;HLA-DPA1;HLA-DPB1	7	7	1.0	0.996636394214598	0.003363605785401951
GSE277116	pdac23	mregDC_like	LAMP3;FSCN1;CCR7;CCL19;CD80;CD86	6	6	1.0	0.29868819374369326	0.7013118062563067
GSE277116	pdac23	Tfh_like	CD3D;CD3E;CD4;CXCR5;PDCD1;ICOS;BCL6;IL7R;CXCL13	9	9	1.0	0.3773965691220989	0.6226034308779012
GSE277116	pdac23	broad_T_nonoverlap	TRAC;TRBC1;TRBC2;CD247;LCK;CD2;CD7	7	7	1.0	0.41910528086108306	0.5808947191389169
GSE277116	pdac23	non_Tfh_CD4_nonoverlap	LTB;LEF1;TCF7;SELL;MAL	5	5	1.0	0.25697948200470905	0.7430205179952909
GSE277116	pdac23	Treg_nonoverlap	FOXP3;IL2RA;CTLA4;TIGIT;IKZF2;TNFRSF4	6	6	1.0	0.15943491422805248	0.8405650857719476
GSE277116	pdac23	exhausted_CD8_nonoverlap	CD8A;CD8B;LAG3;HAVCR2;ENTPD1;LAYN	6	6	1.0	0.2687521022536159	0.7312478977463841
GSE277116	pdac23	cDC_nonoverlap	CLEC10A;CD1C;FCER1A;CD1E	4	4	1.0	0.04137235116044399	0.958627648839556
GSE277116	pdac23	macrophage_nonoverlap	C1QA;C1QB;C1QC;APOC1;GPNMB;SPP1	6	6	1.0	0.9889001009081736	0.011099899091826439
GSE277116	pdac24	DC_core	FCER1A;CLEC10A;CD1C;CST3;HLA-DRA;HLA-DPA1;HLA-DPB1	7	7	1.0	0.9643962848297214	0.03560371517027864
GSE277116	pdac24	mregDC_like	LAMP3;FSCN1;CCR7;CCL19;CD80;CD86	6	6	1.0	0.41847265221878227	0.5815273477812177
GSE277116	pdac24	Tfh_like	CD3D;CD3E;CD4;CXCR5;PDCD1;ICOS;BCL6;IL7R;CXCL13	9	9	1.0	0.4850361197110423	0.5149638802889577
GSE277116	pdac24	broad_T_nonoverlap	TRAC;TRBC1;TRBC2;CD247;LCK;CD2;CD7	7	7	1.0	0.48348813209494323	0.5165118679050568
GSE277116	pdac24	non_Tfh_CD4_nonoverlap	LTB;LEF1;TCF7;SELL;MAL	5	5	1.0	0.23323013415892674	0.7667698658410733
GSE277116	pdac24	Treg_nonoverlap	FOXP3;IL2RA;CTLA4;TIGIT;IKZF2;TNFRSF4	6	6	1.0	0.14035087719298245	0.8596491228070176
GSE277116	pdac24	exhausted_CD8_nonoverlap	CD8A;CD8B;LAG3;HAVCR2;ENTPD1;LAYN	6	6	1.0	0.19814241486068113	0.8018575851393189
GSE277116	pdac24	cDC_nonoverlap	CLEC10A;CD1C;FCER1A;CD1E	4	4	1.0	0.032507739938080496	0.9674922600619195
GSE277116	pdac24	macrophage_nonoverlap	C1QA;C1QB;C1QC;APOC1;GPNMB;SPP1	6	6	1.0	0.9478844169246646	0.0521155830753354
GSE277116	pdac25	DC_core	FCER1A;CLEC10A;CD1C;CST3;HLA-DRA;HLA-DPA1;HLA-DPB1	7	7	1.0	0.9979310344827587	0.0020689655172413794
GSE277116	pdac25	mregDC_like	LAMP3;FSCN1;CCR7;CCL19;CD80;CD86	6	6	1.0	0.7979310344827586	0.20206896551724138
GSE277116	pdac25	Tfh_like	CD3D;CD3E;CD4;CXCR5;PDCD1;ICOS;BCL6;IL7R;CXCL13	9	9	1.0	0.8462068965517241	0.15379310344827588
GSE277116	pdac25	broad_T_nonoverlap	TRAC;TRBC1;TRBC2;CD247;LCK;CD2;CD7	7	7	1.0	0.9213793103448276	0.07862068965517241
GSE277116	pdac25	non_Tfh_CD4_nonoverlap	LTB;LEF1;TCF7;SELL;MAL	5	5	1.0	0.7820689655172414	0.21793103448275863
GSE277116	pdac25	Treg_nonoverlap	FOXP3;IL2RA;CTLA4;TIGIT;IKZF2;TNFRSF4	6	6	1.0	0.4786206896551724	0.5213793103448275
GSE277116	pdac25	exhausted_CD8_nonoverlap	CD8A;CD8B;LAG3;HAVCR2;ENTPD1;LAYN	6	6	1.0	0.5337931034482759	0.46620689655172415
GSE277116	pdac25	cDC_nonoverlap	CLEC10A;CD1C;FCER1A;CD1E	4	4	1.0	0.20482758620689656	0.7951724137931034
GSE277116	pdac25	macrophage_nonoverlap	C1QA;C1QB;C1QC;APOC1;GPNMB;SPP1	6	6	1.0	0.976551724137931	0.023448275862068966
GSE277116	pdac27	DC_core	FCER1A;CLEC10A;CD1C;CST3;HLA-DRA;HLA-DPA1;HLA-DPB1	7	7	1.0	0.9530916844349681	0.046908315565031986
GSE277116	pdac27	mregDC_like	LAMP3;FSCN1;CCR7;CCL19;CD80;CD86	6	6	1.0	0.44171997157071785	0.5582800284292821
GSE277116	pdac27	Tfh_like	CD3D;CD3E;CD4;CXCR5;PDCD1;ICOS;BCL6;IL7R;CXCL13	9	9	1.0	0.31058990760483296	0.689410092395167
GSE277116	pdac27	broad_T_nonoverlap	TRAC;TRBC1;TRBC2;CD247;LCK;CD2;CD7	7	7	1.0	0.5412224591329069	0.4587775408670931
GSE277116	pdac27	non_Tfh_CD4_nonoverlap	LTB;LEF1;TCF7;SELL;MAL	5	5	1.0	0.22032693674484718	0.7796730632551528
GSE277116	pdac27	Treg_nonoverlap	FOXP3;IL2RA;CTLA4;TIGIT;IKZF2;TNFRSF4	6	6	1.0	0.13717128642501777	0.8628287135749823
GSE277116	pdac27	exhausted_CD8_nonoverlap	CD8A;CD8B;LAG3;HAVCR2;ENTPD1;LAYN	6	6	1.0	0.18052594171997158	0.8194740582800284
GSE277116	pdac27	cDC_nonoverlap	CLEC10A;CD1C;FCER1A;CD1E	4	4	1.0	0.04193319118692253	0.9580668088130775
GSE277116	pdac27	macrophage_nonoverlap	C1QA;C1QB;C1QC;APOC1;GPNMB;SPP1	6	6	1.0	0.7359630419331912	0.2640369580668088
