cohort	sample	unit	predictor	spots	VIF	standardized_beta_descriptive
GSE278687	GSM8552940_PA01	PA01	Tfh_like	2456	2.0053749351940557	0.23065921255328675
GSE278687	GSM8552940_PA01	PA01	broad_T_nonoverlap	2456	2.0676180460404803	0.2882483806333857
GSE278687	GSM8552940_PA01	PA01	non_Tfh_CD4_nonoverlap	2456	1.8075152922222335	0.16466804529128035
GSE278687	GSM8552940_PA01	PA01	Treg_nonoverlap	2456	1.4012890475918467	0.09253131788398705
GSE278687	GSM8552940_PA01	PA01	exhausted_CD8_nonoverlap	2456	1.1931452348622962	-0.01147194414558178
GSE278687	GSM8552940_PA01	PA01	cDC_nonoverlap	2456	1.0926042845972186	-0.03309165886594882
GSE278687	GSM8552940_PA01	PA01	macrophage_nonoverlap	2456	1.1315178481020498	-0.15922031637279818
GSE278687	GSM8552941_PA02	PA02	Tfh_like	816	1.33852260896618	0.0972205848945559
GSE278687	GSM8552941_PA02	PA02	broad_T_nonoverlap	816	1.3475468258297985	-0.008995258612754199
GSE278687	GSM8552941_PA02	PA02	non_Tfh_CD4_nonoverlap	816	1.1073199865207164	0.08284711408657248
GSE278687	GSM8552941_PA02	PA02	Treg_nonoverlap	816	1.123109758215175	0.08353975398433748
GSE278687	GSM8552941_PA02	PA02	exhausted_CD8_nonoverlap	816	1.304030017742057	0.010202914373042798
GSE278687	GSM8552941_PA02	PA02	cDC_nonoverlap	816	1.1849076805464427	-0.051917645037930275
GSE278687	GSM8552941_PA02	PA02	macrophage_nonoverlap	816	1.1357380715967134	0.056965721481358374
GSE278687	GSM8552942_PA03	PA03	Tfh_like	2335	1.010634521579021	-0.016261842900593126
GSE278687	GSM8552942_PA03	PA03	broad_T_nonoverlap	2335	1.0213885025306415	0.06548631004449008
GSE278687	GSM8552942_PA03	PA03	non_Tfh_CD4_nonoverlap	2335	1.0105097687688778	0.03132217389232743
GSE278687	GSM8552942_PA03	PA03	Treg_nonoverlap	2335	1.0010453627190694	0.0018600523709905205
GSE278687	GSM8552942_PA03	PA03	exhausted_CD8_nonoverlap	2335	1.017805372078737	0.03949056545757932
GSE278687	GSM8552942_PA03	PA03	cDC_nonoverlap	2335	nan	0.0
GSE278687	GSM8552942_PA03	PA03	macrophage_nonoverlap	2335	1.0087708323490214	-0.12771487364864434
GSE278687	GSM8552943_PA04-1	PA04	Tfh_like	1241	1.207121065506711	0.023132126784865967
GSE278687	GSM8552943_PA04-1	PA04	broad_T_nonoverlap	1241	1.2259110895610537	0.047065056221912295
GSE278687	GSM8552943_PA04-1	PA04	non_Tfh_CD4_nonoverlap	1241	1.3829390023414356	0.1529691931194999
GSE278687	GSM8552943_PA04-1	PA04	Treg_nonoverlap	1241	1.0913012705493605	0.003083862893175436
GSE278687	GSM8552943_PA04-1	PA04	exhausted_CD8_nonoverlap	1241	1.0846866288609853	0.0863189619947481
GSE278687	GSM8552943_PA04-1	PA04	cDC_nonoverlap	1241	1.388171705452928	0.04683884619605759
GSE278687	GSM8552943_PA04-1	PA04	macrophage_nonoverlap	1241	1.3252775681283073	0.2009020697337222
GSE278687	GSM8552944_PA04-2	PA04	Tfh_like	1512	1.0683331564904242	0.09614821276770898
GSE278687	GSM8552944_PA04-2	PA04	broad_T_nonoverlap	1512	1.1372098272070696	0.21357205557317607
GSE278687	GSM8552944_PA04-2	PA04	non_Tfh_CD4_nonoverlap	1512	1.075336394039348	-0.023935115664138282
GSE278687	GSM8552944_PA04-2	PA04	Treg_nonoverlap	1512	1.026222696067446	0.09273566217131331
GSE278687	GSM8552944_PA04-2	PA04	exhausted_CD8_nonoverlap	1512	1.1269101187108312	0.014759440538898324
GSE278687	GSM8552944_PA04-2	PA04	cDC_nonoverlap	1512	1.1247233770696707	-0.10987579158624622
GSE278687	GSM8552944_PA04-2	PA04	macrophage_nonoverlap	1512	1.066042492055893	-0.0037421734301151107
GSE278687	GSM8552945_PA05-1	PA05	Tfh_like	1411	1.6868141931301939	0.2410096444815829
GSE278687	GSM8552945_PA05-1	PA05	broad_T_nonoverlap	1411	1.6924863770184695	0.19979626152101618
GSE278687	GSM8552945_PA05-1	PA05	non_Tfh_CD4_nonoverlap	1411	1.2440236183163054	0.2843572905425166
GSE278687	GSM8552945_PA05-1	PA05	Treg_nonoverlap	1411	1.2206874731452095	-0.06569170784035577
GSE278687	GSM8552945_PA05-1	PA05	exhausted_CD8_nonoverlap	1411	1.1062608321981409	0.03342395412432123
GSE278687	GSM8552945_PA05-1	PA05	cDC_nonoverlap	1411	1.1882343655099934	0.0012426869383617978
GSE278687	GSM8552945_PA05-1	PA05	macrophage_nonoverlap	1411	1.0204204765648646	-0.29120507600584283
GSE278687	GSM8552946_PA05-2	PA05	Tfh_like	2798	2.312690992019801	0.41629675458298426
GSE278687	GSM8552946_PA05-2	PA05	broad_T_nonoverlap	2798	2.6518045910155665	0.04432030476953133
GSE278687	GSM8552946_PA05-2	PA05	non_Tfh_CD4_nonoverlap	2798	1.378719487030908	0.34115947730791407
GSE278687	GSM8552946_PA05-2	PA05	Treg_nonoverlap	2798	1.559293650876671	-0.0945931014268094
GSE278687	GSM8552946_PA05-2	PA05	exhausted_CD8_nonoverlap	2798	1.4155935294802962	-0.05431347110380463
GSE278687	GSM8552946_PA05-2	PA05	cDC_nonoverlap	2798	1.5155891019820258	-0.13245332810111346
GSE278687	GSM8552946_PA05-2	PA05	macrophage_nonoverlap	2798	1.1423076129289187	-0.1305599520087587
GSE278687	GSM8552947_PA06	PA06	Tfh_like	1398	1.854335723633293	0.034582861868406894
GSE278687	GSM8552947_PA06	PA06	broad_T_nonoverlap	1398	2.0541474038049317	0.3205366486841937
GSE278687	GSM8552947_PA06	PA06	non_Tfh_CD4_nonoverlap	1398	1.840460388293712	0.23021346175492174
GSE278687	GSM8552947_PA06	PA06	Treg_nonoverlap	1398	1.6398037155463594	0.02441508892392684
GSE278687	GSM8552947_PA06	PA06	exhausted_CD8_nonoverlap	1398	1.2503492863469243	0.09340085008720007
GSE278687	GSM8552947_PA06	PA06	cDC_nonoverlap	1398	1.0912583167536867	0.07173987998576165
GSE278687	GSM8552947_PA06	PA06	macrophage_nonoverlap	1398	1.277916152061318	-0.17314663705327227
GSE278687	GSM8552948_PA08	PA08	Tfh_like	1440	1.1325610416374146	0.029313909892288888
GSE278687	GSM8552948_PA08	PA08	broad_T_nonoverlap	1440	1.1787519780911304	0.09435370439914688
GSE278687	GSM8552948_PA08	PA08	non_Tfh_CD4_nonoverlap	1440	1.0194062843785252	-0.028472222819809646
GSE278687	GSM8552948_PA08	PA08	Treg_nonoverlap	1440	1.0134227248945635	0.03793261915577608
GSE278687	GSM8552948_PA08	PA08	exhausted_CD8_nonoverlap	1440	1.068674383840706	0.021836492816261082
GSE278687	GSM8552948_PA08	PA08	cDC_nonoverlap	1440	1.0188980975843307	0.013388951347618302
GSE278687	GSM8552948_PA08	PA08	macrophage_nonoverlap	1440	1.1404929000606023	-0.20927819615603513
GSE278687	GSM8552949_PA11-1	PA11	Tfh_like	912	1.1117237297204021	0.12056403943486889
GSE278687	GSM8552949_PA11-1	PA11	broad_T_nonoverlap	912	1.184942394642754	0.10953694471912648
GSE278687	GSM8552949_PA11-1	PA11	non_Tfh_CD4_nonoverlap	912	1.0651384166158906	0.07521801495061935
GSE278687	GSM8552949_PA11-1	PA11	Treg_nonoverlap	912	1.0755125364019984	-0.05134450226958687
GSE278687	GSM8552949_PA11-1	PA11	exhausted_CD8_nonoverlap	912	1.1283313945847313	0.1320587643564676
GSE278687	GSM8552949_PA11-1	PA11	cDC_nonoverlap	912	1.0297444393231054	-0.05551530762391162
GSE278687	GSM8552949_PA11-1	PA11	macrophage_nonoverlap	912	1.0452436319105156	-0.05505556660612483
GSE278687	GSM8552950_PA11-2	PA11	Tfh_like	2666	2.220625271334658	0.24177397513344867
GSE278687	GSM8552950_PA11-2	PA11	broad_T_nonoverlap	2666	2.1757378130283356	0.33440764020669167
GSE278687	GSM8552950_PA11-2	PA11	non_Tfh_CD4_nonoverlap	2666	1.5035048299091243	0.2577996299461844
GSE278687	GSM8552950_PA11-2	PA11	Treg_nonoverlap	2666	1.5491464817223526	0.060926828193654935
GSE278687	GSM8552950_PA11-2	PA11	exhausted_CD8_nonoverlap	2666	1.3899350287272938	-0.017229433728903454
GSE278687	GSM8552950_PA11-2	PA11	cDC_nonoverlap	2666	1.1799715589019193	-0.1401607350210165
GSE278687	GSM8552950_PA11-2	PA11	macrophage_nonoverlap	2666	1.2320221855315718	-0.11477364350388886
GSE278687	GSM8552951_PA12	PA12	Tfh_like	2630	2.923796252852407	0.27450504569038037
GSE278687	GSM8552951_PA12	PA12	broad_T_nonoverlap	2630	3.008071124276531	0.24215255022756305
GSE278687	GSM8552951_PA12	PA12	non_Tfh_CD4_nonoverlap	2630	2.337704161303246	0.24116910644501774
GSE278687	GSM8552951_PA12	PA12	Treg_nonoverlap	2630	1.4491260332309035	0.09265325386607176
GSE278687	GSM8552951_PA12	PA12	exhausted_CD8_nonoverlap	2630	1.3872654527495396	-0.014581178427543168
GSE278687	GSM8552951_PA12	PA12	cDC_nonoverlap	2630	1.2988710391475824	-0.018883089609692205
GSE278687	GSM8552951_PA12	PA12	macrophage_nonoverlap	2630	1.1264984117828603	-0.10472506355717545
GSE278687	GSM8552952_PA21	PA21	Tfh_like	2308	1.6303076399399816	0.2621716036785927
GSE278687	GSM8552952_PA21	PA21	broad_T_nonoverlap	2308	1.6632158546796796	-0.011384046211870287
GSE278687	GSM8552952_PA21	PA21	non_Tfh_CD4_nonoverlap	2308	1.3178568271452238	0.19081818411631324
GSE278687	GSM8552952_PA21	PA21	Treg_nonoverlap	2308	1.2157891405317445	-0.12154474322289754
GSE278687	GSM8552952_PA21	PA21	exhausted_CD8_nonoverlap	2308	1.6153260331766512	0.17306646423005292
GSE278687	GSM8552952_PA21	PA21	cDC_nonoverlap	2308	1.1237275735080645	0.15626719708005982
GSE278687	GSM8552952_PA21	PA21	macrophage_nonoverlap	2308	1.5308630014552778	-0.10963318516061067
GSE278687	GSM8552953_PA22	PA22	Tfh_like	2465	2.1759474440703075	0.16002614529438608
GSE278687	GSM8552953_PA22	PA22	broad_T_nonoverlap	2465	2.593869974674639	0.08905991495721963
GSE278687	GSM8552953_PA22	PA22	non_Tfh_CD4_nonoverlap	2465	2.057681267024233	0.3487599222552801
GSE278687	GSM8552953_PA22	PA22	Treg_nonoverlap	2465	1.440556578243463	0.18629132730907877
GSE278687	GSM8552953_PA22	PA22	exhausted_CD8_nonoverlap	2465	1.1787089316592352	0.1012399743359263
GSE278687	GSM8552953_PA22	PA22	cDC_nonoverlap	2465	1.343486262872349	0.05783920337811943
GSE278687	GSM8552953_PA22	PA22	macrophage_nonoverlap	2465	1.139439152770523	0.023042658556518616
GSE278687	GSM8552954_PA24	PA24	Tfh_like	2379	1.8337398054480842	0.08124694001356828
GSE278687	GSM8552954_PA24	PA24	broad_T_nonoverlap	2379	2.0695554675027683	0.16136829966415644
GSE278687	GSM8552954_PA24	PA24	non_Tfh_CD4_nonoverlap	2379	2.2686293123541055	0.3763279244547987
GSE278687	GSM8552954_PA24	PA24	Treg_nonoverlap	2379	1.448270323738665	0.1461195786339249
GSE278687	GSM8552954_PA24	PA24	exhausted_CD8_nonoverlap	2379	1.1590717007567293	0.023470687146565583
GSE278687	GSM8552954_PA24	PA24	cDC_nonoverlap	2379	1.0586102290133192	-0.018132978516230247
GSE278687	GSM8552954_PA24	PA24	macrophage_nonoverlap	2379	1.0799467235183975	-0.03442128506290361
GSE278687	GSM8552955_PA29	PA29	Tfh_like	2834	2.176192384526149	0.19891811656581374
GSE278687	GSM8552955_PA29	PA29	broad_T_nonoverlap	2834	1.9401838408762877	0.23932901781060012
GSE278687	GSM8552955_PA29	PA29	non_Tfh_CD4_nonoverlap	2834	1.7349180715794885	0.2821101992425321
GSE278687	GSM8552955_PA29	PA29	Treg_nonoverlap	2834	1.6930321812170788	0.08667038054129445
GSE278687	GSM8552955_PA29	PA29	exhausted_CD8_nonoverlap	2834	1.7002628900579067	0.015367946870436421
GSE278687	GSM8552955_PA29	PA29	cDC_nonoverlap	2834	1.0877213790644213	0.07613894546995287
GSE278687	GSM8552955_PA29	PA29	macrophage_nonoverlap	2834	1.9350436849766688	-0.15636489332433834
GSE278687	GSM8552956_PA40	PA40	Tfh_like	2685	1.5201639488272074	0.15635334099413448
GSE278687	GSM8552956_PA40	PA40	broad_T_nonoverlap	2685	1.7822376339430757	0.23199653876117687
GSE278687	GSM8552956_PA40	PA40	non_Tfh_CD4_nonoverlap	2685	1.230200474666328	0.20521102401922164
GSE278687	GSM8552956_PA40	PA40	Treg_nonoverlap	2685	1.2185410872057674	0.05168195471752239
GSE278687	GSM8552956_PA40	PA40	exhausted_CD8_nonoverlap	2685	1.1758942976424387	0.05819267836966119
GSE278687	GSM8552956_PA40	PA40	cDC_nonoverlap	2685	1.3418843564559482	-0.04925478989970264
GSE278687	GSM8552956_PA40	PA40	macrophage_nonoverlap	2685	1.1571671180309226	-0.15877410644877432
GSE278687	GSM8552957_PA47	PA47	Tfh_like	1661	1.9522651949888	0.12011820327033967
GSE278687	GSM8552957_PA47	PA47	broad_T_nonoverlap	1661	1.5944991325736	0.13872867638185588
GSE278687	GSM8552957_PA47	PA47	non_Tfh_CD4_nonoverlap	1661	1.5657120926834496	0.45104311290055177
GSE278687	GSM8552957_PA47	PA47	Treg_nonoverlap	1661	1.2459060381564633	0.014080443803924682
GSE278687	GSM8552957_PA47	PA47	exhausted_CD8_nonoverlap	1661	1.2829228785767195	0.01751475009739327
GSE278687	GSM8552957_PA47	PA47	cDC_nonoverlap	1661	1.153379849983833	0.13706153156011397
GSE278687	GSM8552957_PA47	PA47	macrophage_nonoverlap	1661	1.2315378209902736	0.03155728972163668
GSE278687	GSM8552958_PA72	PA72	Tfh_like	2632	1.506057557576582	0.17534004504667836
GSE278687	GSM8552958_PA72	PA72	broad_T_nonoverlap	2632	1.629808563717492	0.002198574644366534
GSE278687	GSM8552958_PA72	PA72	non_Tfh_CD4_nonoverlap	2632	1.3087788262314493	0.3024504149204978
GSE278687	GSM8552958_PA72	PA72	Treg_nonoverlap	2632	1.1223815143594125	0.1069174075105484
GSE278687	GSM8552958_PA72	PA72	exhausted_CD8_nonoverlap	2632	1.281271624674231	0.015258227804680072
GSE278687	GSM8552958_PA72	PA72	cDC_nonoverlap	2632	1.2777035130700214	0.015006601855210182
GSE278687	GSM8552958_PA72	PA72	macrophage_nonoverlap	2632	1.0975402754074604	-0.06388258645617384
GSE278687	GSM8552959_PA85	PA85	Tfh_like	2654	2.1710030720099596	0.21082010772619786
GSE278687	GSM8552959_PA85	PA85	broad_T_nonoverlap	2654	2.0996962197275173	0.19379061591506025
GSE278687	GSM8552959_PA85	PA85	non_Tfh_CD4_nonoverlap	2654	1.6370726877759694	0.34715675495849746
GSE278687	GSM8552959_PA85	PA85	Treg_nonoverlap	2654	1.5462746175040403	0.12459518642514607
GSE278687	GSM8552959_PA85	PA85	exhausted_CD8_nonoverlap	2654	1.46637269249261	0.06417595928414394
GSE278687	GSM8552959_PA85	PA85	cDC_nonoverlap	2654	1.1143155614132334	0.008858486763770698
GSE278687	GSM8552959_PA85	PA85	macrophage_nonoverlap	2654	1.3827442051996142	-0.15855842576944182
GSE278687	GSM8552960_PA98	PA98	Tfh_like	3183	2.185684144187937	0.15556575690854424
GSE278687	GSM8552960_PA98	PA98	broad_T_nonoverlap	3183	2.714322478183006	0.42170894825724514
GSE278687	GSM8552960_PA98	PA98	non_Tfh_CD4_nonoverlap	3183	1.3005289691282054	0.10726968368818204
GSE278687	GSM8552960_PA98	PA98	Treg_nonoverlap	3183	1.6143248725842134	0.08910429848217963
GSE278687	GSM8552960_PA98	PA98	exhausted_CD8_nonoverlap	3183	1.1566242930402482	-0.053722520173276306
GSE278687	GSM8552960_PA98	PA98	cDC_nonoverlap	3183	1.4529285516684949	0.16866898804272384
GSE278687	GSM8552960_PA98	PA98	macrophage_nonoverlap	3183	1.1118920092684723	0.04499895543208377
GSE277116	pdac2	GSM8514530	Tfh_like	1471	1.3135772591625847	0.15025132054653728
GSE277116	pdac2	GSM8514530	broad_T_nonoverlap	1471	1.3643803300568675	0.15658604577844257
GSE277116	pdac2	GSM8514530	non_Tfh_CD4_nonoverlap	1471	1.1393016817506985	0.15096024056987534
GSE277116	pdac2	GSM8514530	Treg_nonoverlap	1471	1.1579068391808152	0.04432661902449667
GSE277116	pdac2	GSM8514530	exhausted_CD8_nonoverlap	1471	1.103103986430734	-0.05023955880120504
GSE277116	pdac2	GSM8514530	cDC_nonoverlap	1471	1.0497842367678427	0.06770373712643526
GSE277116	pdac2	GSM8514530	macrophage_nonoverlap	1471	1.085460028441944	-0.0027470977935814753
GSE277116	pdac4	GSM8514532	Tfh_like	1484	1.118402733475013	0.12594874628073327
GSE277116	pdac4	GSM8514532	broad_T_nonoverlap	1484	1.1639266428299357	0.1884173490518121
GSE277116	pdac4	GSM8514532	non_Tfh_CD4_nonoverlap	1484	1.1421439273052179	0.02343886992781507
GSE277116	pdac4	GSM8514532	Treg_nonoverlap	1484	1.0167525669595032	-0.03151507029203495
GSE277116	pdac4	GSM8514532	exhausted_CD8_nonoverlap	1484	1.0178666376638579	0.048167219718738
GSE277116	pdac4	GSM8514532	cDC_nonoverlap	1484	1.0183955332303443	-0.021815733104878686
GSE277116	pdac4	GSM8514532	macrophage_nonoverlap	1484	1.0123786580198901	-0.037973374234961776
GSE277116	pdac5	GSM8514533	Tfh_like	1671	1.1798069002968106	0.2055952618016807
GSE277116	pdac5	GSM8514533	broad_T_nonoverlap	1671	1.1981678575034593	0.2700859671936554
GSE277116	pdac5	GSM8514533	non_Tfh_CD4_nonoverlap	1671	1.1119021416941486	0.09088571359561418
GSE277116	pdac5	GSM8514533	Treg_nonoverlap	1671	1.030132067980265	0.027814088704152987
GSE277116	pdac5	GSM8514533	exhausted_CD8_nonoverlap	1671	1.0487548688928832	0.05164189957909683
GSE277116	pdac5	GSM8514533	cDC_nonoverlap	1671	1.0469218091303403	0.09668977156714845
GSE277116	pdac5	GSM8514533	macrophage_nonoverlap	1671	1.0903923739737056	-0.0521310780691807
GSE277116	pdac6	GSM8514534	Tfh_like	1674	1.7627370724513032	0.4243703475938502
GSE277116	pdac6	GSM8514534	broad_T_nonoverlap	1674	2.3042372844186767	-0.06205099398707675
GSE277116	pdac6	GSM8514534	non_Tfh_CD4_nonoverlap	1674	2.1027478626026843	0.14359455610266195
GSE277116	pdac6	GSM8514534	Treg_nonoverlap	1674	1.511171082520459	-0.06678254926316535
GSE277116	pdac6	GSM8514534	exhausted_CD8_nonoverlap	1674	1.3093390389490072	0.12840694081382253
GSE277116	pdac6	GSM8514534	cDC_nonoverlap	1674	1.3270408080299478	-0.10716896953429522
GSE277116	pdac6	GSM8514534	macrophage_nonoverlap	1674	1.9228739207296561	0.0808239644065008
GSE277116	pdac7	GSM8514535	Tfh_like	2757	1.7412245802938473	0.24403890079912258
GSE277116	pdac7	GSM8514535	broad_T_nonoverlap	2757	1.7162245275039096	0.12424026260652593
GSE277116	pdac7	GSM8514535	non_Tfh_CD4_nonoverlap	2757	1.4350961589069982	0.22827139535479946
GSE277116	pdac7	GSM8514535	Treg_nonoverlap	2757	1.2948876160027374	0.10767647645309274
GSE277116	pdac7	GSM8514535	exhausted_CD8_nonoverlap	2757	1.1558777302687697	-0.0032399166067229312
GSE277116	pdac7	GSM8514535	cDC_nonoverlap	2757	1.1128003952936338	0.051596493173911455
GSE277116	pdac7	GSM8514535	macrophage_nonoverlap	2757	1.2308054400302828	-0.17110342242719742
GSE277116	pdac8	GSM8514536	Tfh_like	1987	1.9659171687465915	0.2482465060409471
GSE277116	pdac8	GSM8514536	broad_T_nonoverlap	1987	2.034411462568117	0.2029925718200785
GSE277116	pdac8	GSM8514536	non_Tfh_CD4_nonoverlap	1987	1.4355408327668087	0.21222447843744946
GSE277116	pdac8	GSM8514536	Treg_nonoverlap	1987	1.155775229832956	0.09982306282152309
GSE277116	pdac8	GSM8514536	exhausted_CD8_nonoverlap	1987	1.1023102658041073	0.030924553772105866
GSE277116	pdac8	GSM8514536	cDC_nonoverlap	1987	1.1920036472670066	-0.001474377381507543
GSE277116	pdac8	GSM8514536	macrophage_nonoverlap	1987	1.0585279312020197	-0.0555430802080329
GSE277116	pdac9	GSM8514537	Tfh_like	1811	1.1748376456275549	0.08530419235989214
GSE277116	pdac9	GSM8514537	broad_T_nonoverlap	1811	1.2528447494374897	0.1817815628894725
GSE277116	pdac9	GSM8514537	non_Tfh_CD4_nonoverlap	1811	1.052508553195775	0.026307998134272287
GSE277116	pdac9	GSM8514537	Treg_nonoverlap	1811	1.1281658118083029	0.04126541649721504
GSE277116	pdac9	GSM8514537	exhausted_CD8_nonoverlap	1811	1.0084656889813872	0.11720705357679241
GSE277116	pdac9	GSM8514537	cDC_nonoverlap	1811	1.0509287189611987	0.030506591683303396
GSE277116	pdac9	GSM8514537	macrophage_nonoverlap	1811	1.0777216587269944	-0.178262131002779
GSE277116	pdac11	GSM8514539	Tfh_like	1590	1.396055414233308	0.11276452901692388
GSE277116	pdac11	GSM8514539	broad_T_nonoverlap	1590	1.439965822697731	0.1429429664095077
GSE277116	pdac11	GSM8514539	non_Tfh_CD4_nonoverlap	1590	1.2380092660601596	0.30509141505884274
GSE277116	pdac11	GSM8514539	Treg_nonoverlap	1590	1.1053739004407324	0.0854319973660012
GSE277116	pdac11	GSM8514539	exhausted_CD8_nonoverlap	1590	1.095709043076672	0.06988736836802749
GSE277116	pdac11	GSM8514539	cDC_nonoverlap	1590	1.0824867288259696	-0.02407907916628954
GSE277116	pdac11	GSM8514539	macrophage_nonoverlap	1590	1.0922642830683436	-0.07761267997642846
GSE277116	pdac15	GSM8514543	Tfh_like	707	2.1007110475248334	0.21689760252343562
GSE277116	pdac15	GSM8514543	broad_T_nonoverlap	707	2.3032079381350803	0.33070703441402555
GSE277116	pdac15	GSM8514543	non_Tfh_CD4_nonoverlap	707	1.945589546357666	0.1951756176273662
GSE277116	pdac15	GSM8514543	Treg_nonoverlap	707	1.1112694457556096	0.10884975415223463
GSE277116	pdac15	GSM8514543	exhausted_CD8_nonoverlap	707	1.4135100752811591	0.11579236626445466
GSE277116	pdac15	GSM8514543	cDC_nonoverlap	707	1.1201921294058697	-0.027555636509769513
GSE277116	pdac15	GSM8514543	macrophage_nonoverlap	707	1.171106784196751	-0.02854475070834513
GSE277116	pdac16	GSM8514544	Tfh_like	634	1.8832309527410425	0.30611459628494636
GSE277116	pdac16	GSM8514544	broad_T_nonoverlap	634	2.26282607847591	0.18698692435472208
GSE277116	pdac16	GSM8514544	non_Tfh_CD4_nonoverlap	634	1.9228444457901126	0.24436051538101453
GSE277116	pdac16	GSM8514544	Treg_nonoverlap	634	1.2203723535426867	0.0019494507894576851
GSE277116	pdac16	GSM8514544	exhausted_CD8_nonoverlap	634	1.2502015249860066	0.03670433632648709
GSE277116	pdac16	GSM8514544	cDC_nonoverlap	634	1.1394675245993633	0.0510781968696343
GSE277116	pdac16	GSM8514544	macrophage_nonoverlap	634	1.069448513058767	-0.12964603330519575
GSE277116	pdac18	GSM8514546	Tfh_like	773	1.5631090221008845	0.12130382923393779
GSE277116	pdac18	GSM8514546	broad_T_nonoverlap	773	1.6601433207538407	0.05232993916713831
GSE277116	pdac18	GSM8514546	non_Tfh_CD4_nonoverlap	773	1.658257002026028	0.39856333160372454
GSE277116	pdac18	GSM8514546	Treg_nonoverlap	773	1.2423051407318377	0.04791791078740695
GSE277116	pdac18	GSM8514546	exhausted_CD8_nonoverlap	773	1.1065674143029587	0.020495497314357985
GSE277116	pdac18	GSM8514546	cDC_nonoverlap	773	1.079589478265963	0.0985248074165941
GSE277116	pdac18	GSM8514546	macrophage_nonoverlap	773	1.0233992542493326	-0.007806783962739622
GSE277116	pdac19	GSM8514547	Tfh_like	1256	1.6210611237111179	0.19307721344755818
GSE277116	pdac19	GSM8514547	broad_T_nonoverlap	1256	1.838482196897809	0.23281072503137978
GSE277116	pdac19	GSM8514547	non_Tfh_CD4_nonoverlap	1256	1.5832128899346094	0.2624741798724365
GSE277116	pdac19	GSM8514547	Treg_nonoverlap	1256	1.4200077426870292	0.11964863396078593
GSE277116	pdac19	GSM8514547	exhausted_CD8_nonoverlap	1256	1.1605260937416824	-0.007036278727107298
GSE277116	pdac19	GSM8514547	cDC_nonoverlap	1256	1.193734695561859	-0.023535214655749148
GSE277116	pdac19	GSM8514547	macrophage_nonoverlap	1256	1.2174573355728868	-0.0628117054465374
GSE277116	pdac20	GSM8514548	Tfh_like	1766	1.4353071850062058	0.21730292326319398
GSE277116	pdac20	GSM8514548	broad_T_nonoverlap	1766	1.4540102300880984	0.25759864865565874
GSE277116	pdac20	GSM8514548	non_Tfh_CD4_nonoverlap	1766	1.2965637721132863	0.22036695322320307
GSE277116	pdac20	GSM8514548	Treg_nonoverlap	1766	1.2575224041475397	0.10385268570131762
GSE277116	pdac20	GSM8514548	exhausted_CD8_nonoverlap	1766	1.0487999896626143	-0.01914435723877672
GSE277116	pdac20	GSM8514548	cDC_nonoverlap	1766	1.044903699577734	0.013815302123293974
GSE277116	pdac20	GSM8514548	macrophage_nonoverlap	1766	1.0584004460538503	-0.027215931774269925
GSE277116	pdac22	GSM8514550	Tfh_like	701	1.9136783495738585	0.17920653311628018
GSE277116	pdac22	GSM8514550	broad_T_nonoverlap	701	1.8789172407967218	0.19728979994279403
GSE277116	pdac22	GSM8514550	non_Tfh_CD4_nonoverlap	701	1.650114660942154	0.21716140949060925
GSE277116	pdac22	GSM8514550	Treg_nonoverlap	701	1.1133549524067363	0.021135562910318414
GSE277116	pdac22	GSM8514550	exhausted_CD8_nonoverlap	701	1.6385771917331022	0.1506083895127257
GSE277116	pdac22	GSM8514550	cDC_nonoverlap	701	1.0759052325623168	-0.06642449634084827
GSE277116	pdac22	GSM8514550	macrophage_nonoverlap	701	1.186534856462426	0.0485664090596329
GSE277116	pdac23	GSM8514551	Tfh_like	1463	1.0384214385589883	-0.0012139547204138013
GSE277116	pdac23	GSM8514551	broad_T_nonoverlap	1463	1.0600532167920809	0.014327787334522278
GSE277116	pdac23	GSM8514551	non_Tfh_CD4_nonoverlap	1463	1.0273299066147044	0.08365212550684122
GSE277116	pdac23	GSM8514551	Treg_nonoverlap	1463	1.014269382311277	0.047444686632230004
GSE277116	pdac23	GSM8514551	exhausted_CD8_nonoverlap	1463	1.0476146237764594	0.0024217920919287145
GSE277116	pdac23	GSM8514551	cDC_nonoverlap	1463	1.0242483323892313	0.0982578124309392
GSE277116	pdac23	GSM8514551	macrophage_nonoverlap	1463	1.0701813989554005	-0.0025720117862951496
GSE277116	pdac24	GSM8514552	Tfh_like	1036	1.14861239804572	0.12350919417503696
GSE277116	pdac24	GSM8514552	broad_T_nonoverlap	1036	1.206655373096296	0.23552154488152158
GSE277116	pdac24	GSM8514552	non_Tfh_CD4_nonoverlap	1036	1.1410567189855216	0.13715293357985564
GSE277116	pdac24	GSM8514552	Treg_nonoverlap	1036	1.0538085894258327	0.11149604374045811
GSE277116	pdac24	GSM8514552	exhausted_CD8_nonoverlap	1036	1.012962423320362	-0.05593680473449737
GSE277116	pdac24	GSM8514552	cDC_nonoverlap	1036	1.0067135720105305	0.07685814140709354
GSE277116	pdac24	GSM8514552	macrophage_nonoverlap	1036	1.0332684783098978	0.04350400033279971
GSE277116	pdac25	GSM8514553	Tfh_like	724	1.809753446193285	0.10502858335358996
GSE277116	pdac25	GSM8514553	broad_T_nonoverlap	724	2.210343342325805	0.25855771019056445
GSE277116	pdac25	GSM8514553	non_Tfh_CD4_nonoverlap	724	1.8732467514777975	0.1797653239536134
GSE277116	pdac25	GSM8514553	Treg_nonoverlap	724	1.5024680256371878	0.0987604579814375
GSE277116	pdac25	GSM8514553	exhausted_CD8_nonoverlap	724	1.2159021203739397	-0.015417100389396844
GSE277116	pdac25	GSM8514553	cDC_nonoverlap	724	1.1121303908389846	0.013848486281981098
GSE277116	pdac25	GSM8514553	macrophage_nonoverlap	724	1.1750317781068145	-0.05066448540532078
GSE277116	pdac27	GSM8514555	Tfh_like	1472	1.4982301731584438	0.15962794896350466
GSE277116	pdac27	GSM8514555	broad_T_nonoverlap	1472	1.4600407180691044	0.2951488734153213
GSE277116	pdac27	GSM8514555	non_Tfh_CD4_nonoverlap	1472	1.4546478583174371	0.2239824451068576
GSE277116	pdac27	GSM8514555	Treg_nonoverlap	1472	1.4062421727535706	0.13903247478065317
GSE277116	pdac27	GSM8514555	exhausted_CD8_nonoverlap	1472	1.1328393492403153	-0.05324390723008128
GSE277116	pdac27	GSM8514555	cDC_nonoverlap	1472	1.0564230188059547	0.07374649748219604
GSE277116	pdac27	GSM8514555	macrophage_nonoverlap	1472	1.0913650946971638	0.03402475830886001
