cohort	sample	unit	k	coordinate_unit	n_edges	distance_q05	distance_q25	distance_median	distance_q75	distance_q95	distance_mean
GSE278687	GSM8552940_PA01	PA01	4	image_pixels	17404	364.0	364.0	364.16617086159994	364.66422912043345	365.5311204261547	366.63954660933996
GSE278687	GSM8552940_PA01	PA01	6	image_pixels	26106	364.0	364.0	364.66422912043345	365.5311204261547	366.0300534109187	374.853262739402
GSE278687	GSM8552940_PA01	PA01	12	image_pixels	52212	364.0	364.66422912043345	630.4871132703665	631.3517244769353	634.0007886430426	509.8857416916047
GSE278687	GSM8552941_PA02	PA02	4	image_pixels	5556	363.0	364.0	364.66422912043345	364.66422912043345	365.5311204261547	372.1713303009952
GSE278687	GSM8552941_PA02	PA02	6	image_pixels	8334	363.00137740785505	364.0	364.66422912043345	365.5311204261547	630.8502199413107	393.1587869956193
GSE278687	GSM8552941_PA02	PA02	12	image_pixels	16668	364.0	364.66422912043345	630.4871132703665	633.0	730.1951793869911	531.4797531003514
GSE278687	GSM8552942_PA03	PA03	4	image_pixels	18316	368.01222805771005	368.021738488367	369.02167957994016	369.3846233940985	369.77019890737546	371.114270788411
GSE278687	GSM8552942_PA03	PA03	6	image_pixels	27474	368.01222805771005	369.0121949204389	369.3846233940985	369.77019890737546	370.7465441511222	376.90786726344055
GSE278687	GSM8552942_PA03	PA03	12	image_pixels	54948	368.01222805771005	369.3846233940985	638.1614215854794	639.5248235995222	642.0194701097467	513.6986264832553
GSE278687	GSM8552943_PA04-1	PA04	4	image_pixels	9104	364.0	364.0	364.66422912043345	364.66422912043345	365.5311204261547	372.81705579388415
GSE278687	GSM8552943_PA04-1	PA04	6	image_pixels	13656	364.0	364.00137362378183	364.66422912043345	365.5311204261547	630.8502199413107	388.64857466586244
GSE278687	GSM8552943_PA04-1	PA04	12	image_pixels	27312	364.0	364.66422912043345	630.8502199413107	632.2167349888803	730.1951793869911	528.3141246974499
GSE278687	GSM8552944_PA04-2	PA04	4	image_pixels	12352	364.0	364.0	364.66422912043345	364.66422912043345	365.5311204261547	367.966209726661
GSE278687	GSM8552944_PA04-2	PA04	6	image_pixels	18528	364.0	364.0	364.66422912043345	365.5311204261547	366.0300534109187	376.0146842495203
GSE278687	GSM8552944_PA04-2	PA04	12	image_pixels	37056	364.0	364.66422912043345	630.4871132703665	631.3517244769353	727.0	512.1597309526724
GSE278687	GSM8552945_PA05-1	PA05	4	image_pixels	8988	364.0	364.0	364.16617086159994	364.66422912043345	365.5311204261547	367.4680337807861
GSE278687	GSM8552945_PA05-1	PA05	6	image_pixels	13482	364.0	364.0	364.66422912043345	365.5311204261547	366.0300534109187	376.41598365308903
GSE278687	GSM8552945_PA05-1	PA05	12	image_pixels	26964	364.0	364.66422912043345	630.4871132703665	631.3517244769353	728.0	512.8789463604838
GSE278687	GSM8552946_PA05-2	PA05	4	image_pixels	19968	368.06657006579667	369.0663896916109	369.57949077295945	369.67553340733815	370.0945825056076	370.3103918107545
GSE278687	GSM8552946_PA05-2	PA05	6	image_pixels	29952	368.06657006579667	369.0663896916109	369.67553340733815	370.0945825056076	370.95147930693037	374.6605671801568
GSE278687	GSM8552946_PA05-2	PA05	12	image_pixels	59904	368.06657006579667	369.67553340733815	638.4958887886437	639.6889869303676	642.1121397388465	511.15147669404536
GSE278687	GSM8552947_PA06	PA06	4	image_pixels	10320	363.00137740785505	364.0	364.16617086159994	364.66422912043345	365.5311204261547	368.5672958718657
GSE278687	GSM8552947_PA06	PA06	6	image_pixels	15480	364.0	364.0	364.66422912043345	365.5311204261547	366.0300534109187	378.9915011270954
GSE278687	GSM8552947_PA06	PA06	12	image_pixels	30960	364.0	364.66422912043345	630.4871132703665	631.3517244769353	728.0	515.2491128000967
GSE278687	GSM8552948_PA08	PA08	4	image_pixels	10708	364.0	364.0	364.66422912043345	365.1643465619282	365.5311204261547	367.8594256573041
GSE278687	GSM8552948_PA08	PA08	6	image_pixels	16062	364.0	364.00137362378183	365.0342449688796	365.5311204261547	366.0300534109187	375.38690041216006
GSE278687	GSM8552948_PA08	PA08	12	image_pixels	32124	364.0	365.0342449688796	630.8502199413107	631.8544136112369	634.0007886430426	511.5869193865138
GSE278687	GSM8552949_PA11-1	PA11	4	image_pixels	7296	364.0	364.0	364.66422912043345	365.1643465619282	365.5311204261547	370.6715672665017
GSE278687	GSM8552949_PA11-1	PA11	6	image_pixels	10944	364.0	364.00137362378183	365.1643465619282	365.5311204261547	630.8502199413107	383.0673512533576
GSE278687	GSM8552949_PA11-1	PA11	12	image_pixels	21888	364.0	365.1643465619282	630.8502199413107	632.2167349888803	730.1951793869911	521.5296538241107
GSE278687	GSM8552950_PA11-2	PA11	4	image_pixels	19960	368.0054347424777	369.00135501106223	369.4996617048519	369.6281915655244	370.1297069947237	370.4660434776478
GSE278687	GSM8552950_PA11-2	PA11	6	image_pixels	29940	369.00135501106223	369.00135501106223	369.6281915655244	370.3687351815755	370.994609125254	374.8998016478439
GSE278687	GSM8552950_PA11-2	PA11	12	image_pixels	59880	369.00135501106223	369.6281915655244	639.052423514691	640.1452960070862	642.0031152572392	511.48207465803966
GSE278687	GSM8552951_PA12	PA12	4	image_pixels	19420	368.01222805771005	369.0121949204389	369.3846233940985	369.77019890737546	370.25666773199373	371.0928582571037
GSE278687	GSM8552951_PA12	PA12	6	image_pixels	29130	368.021738488367	369.0121949204389	369.77019890737546	370.2769233965303	371.1387880564358	378.664146378564
GSE278687	GSM8552951_PA12	PA12	12	image_pixels	58260	369.0121949204389	369.77019890737546	638.8466169590318	640.2163696751279	642.0280367709809	515.252381118176
GSE278687	GSM8552952_PA21	PA21	4	image_pixels	17300	368.0	369.0	369.12870384189847	369.99594592373575	369.99594592373575	371.1998289689984
GSE278687	GSM8552952_PA21	PA21	6	image_pixels	25950	368.0	369.0	369.99594592373575	369.99594592373575	370.49426446302783	376.46275169474154
GSE278687	GSM8552952_PA21	PA21	12	image_pixels	51900	369.0	369.99594592373575	638.9123570568971	639.4137940332536	642.000778815727	513.3495247761736
GSE278687	GSM8552953_PA22	PA22	4	image_pixels	17288	367.0054495508207	367.0054495508207	367.6424893833682	368.0054347424777	368.40195439221003	369.2332994753025
GSE278687	GSM8552953_PA22	PA22	6	image_pixels	25932	367.0054495508207	367.01226137555676	368.0054347424777	368.51322907054504	369.2654871498283	375.2154145648136
GSE278687	GSM8552953_PA22	PA22	12	image_pixels	51864	367.0054495508207	368.0054347424777	636.0503124753576	636.9693870195019	639.0125194391734	512.0718704450886
GSE278687	GSM8552954_PA24	PA24	4	image_pixels	18804	368.01222805771005	369.0121949204389	369.2654871498283	369.87565478144137	369.87565478144137	370.80425295299824
GSE278687	GSM8552954_PA24	PA24	6	image_pixels	28206	368.01222805771005	369.0121949204389	369.87565478144137	370.1297069947237	370.7465441511222	375.67517035703935
GSE278687	GSM8552954_PA24	PA24	12	image_pixels	56412	369.00542001439493	369.87565478144137	638.6556192503124	640.0195309519859	642.0194701097467	512.7770037197077
GSE278687	GSM8552955_PA29	PA29	4	image_pixels	19968	368.00135869314397	368.0054347424777	369.00135501106223	369.00542001439493	369.4996617048519	369.75990984645034
GSE278687	GSM8552955_PA29	PA29	6	image_pixels	29952	368.0054347424777	368.0054347424777	369.00542001439493	369.4996617048519	370.3687351815755	374.14006889058595
GSE278687	GSM8552955_PA29	PA29	12	image_pixels	59904	368.0054347424777	369.00542001439493	637.8314824465785	638.7800873540126	641.0070202423683	510.44158539051637
GSE278687	GSM8552956_PA40	PA40	4	image_pixels	19404	369.0338737839658	369.04877726392755	369.92566820916875	370.1580743412198	370.4375790872195	371.0623857348375
GSE278687	GSM8552956_PA40	PA40	6	image_pixels	29106	369.04877726392755	369.04877726392755	370.1580743412198	370.4375790872195	371.29637757457317	376.382452222657
GSE278687	GSM8552956_PA40	PA40	12	image_pixels	58212	369.04877726392755	370.1580743412198	639.3027451841576	640.5474221320386	643.0777557962956	513.3347127618326
GSE278687	GSM8552957_PA47	PA47	4	image_pixels	16048	368.0054347424777	369.00542001439493	369.2654871498283	369.87565478144137	370.1297069947237	375.4631838452814
GSE278687	GSM8552957_PA47	PA47	6	image_pixels	24072	368.01222805771005	369.0121949204389	369.87565478144137	370.3687351815755	639.1509993733875	388.3206433665947
GSE278687	GSM8552957_PA47	PA47	12	image_pixels	48144	369.00542001439493	369.87565478144137	639.1509993733875	640.0195309519859	738.0169374750149	528.5215164589102
GSE278687	GSM8552958_PA72	PA72	4	image_pixels	19920	368.03396582380816	369.02167957994016	369.4157549428557	369.7688467137274	370.25666773199373	370.4483134944364
GSE278687	GSM8552958_PA72	PA72	6	image_pixels	29880	368.03396582380816	369.0338737839658	369.7688467137274	370.25666773199373	370.78565236535246	374.83825568477465
GSE278687	GSM8552958_PA72	PA72	12	image_pixels	59760	369.02167957994016	369.7688467137274	639.0070422147161	639.5193507627428	642.049842301982	511.39186453739813
GSE278687	GSM8552959_PA85	PA85	4	image_pixels	19292	369.0121949204389	370.00540536592166	370.1297069947237	371.2384678343558	371.2384678343558	371.98266762329695
GSE278687	GSM8552959_PA85	PA85	6	image_pixels	28938	370.00540536592166	370.01216196227927	371.2384678343558	371.2384678343558	371.4969717238621	378.0973663304473
GSE278687	GSM8552959_PA85	PA85	12	image_pixels	57876	370.00540536592166	371.2384678343558	640.5154174569102	641.8800510998921	644.012422240441	515.3653755465009
GSE278687	GSM8552960_PA98	PA98	4	image_pixels	19968	369.00542001439493	369.0121949204389	369.3846233940985	369.87565478144137	369.87565478144137	370.50227011827326
GSE278687	GSM8552960_PA98	PA98	6	image_pixels	29952	369.0121949204389	369.0121949204389	369.87565478144137	370.63324189824095	370.7465441511222	374.9192383052571
GSE278687	GSM8552960_PA98	PA98	12	image_pixels	59904	369.0121949204389	369.87565478144137	638.8466169590318	640.0195309519859	642.0194701097467	511.50413316361517
GSE277116	pdac2	GSM8514530	4	archive_array_coordinates	10212	1.4142135623730951	1.4142135623730951	1.4142135623730951	1.4142135623730951	1.4142135623730951	1.429437490246496
GSE277116	pdac2	GSM8514530	6	archive_array_coordinates	15318	1.4142135623730951	1.4142135623730951	1.4142135623730951	2.0	2.0	1.6293175692272743
GSE277116	pdac2	GSM8514530	12	archive_array_coordinates	30636	1.4142135623730951	1.4142135623730951	2.0	2.8284271247461903	2.8284271247461903	2.118724723671597
GSE277116	pdac4	GSM8514532	4	archive_array_coordinates	10452	1.4142135623730951	1.4142135623730951	1.4142135623730951	1.4142135623730951	1.4142135623730951	1.4378057669862823
GSE277116	pdac4	GSM8514532	6	archive_array_coordinates	15678	1.4142135623730951	1.4142135623730951	1.4142135623730951	2.0	2.0	1.6377250856423862
GSE277116	pdac4	GSM8514532	12	archive_array_coordinates	31356	1.4142135623730951	1.4142135623730951	2.0	2.8284271247461903	2.8284271247461903	2.1280117819859528
GSE277116	pdac5	GSM8514533	4	archive_array_coordinates	13000	1.4142135623730951	1.4142135623730951	1.4142135623730951	1.4142135623730951	1.4142135623730951	1.4283939283620088
GSE277116	pdac5	GSM8514533	6	archive_array_coordinates	19500	1.4142135623730951	1.4142135623730951	1.4142135623730951	2.0	2.0	1.627529333092077
GSE277116	pdac5	GSM8514533	12	archive_array_coordinates	39000	1.4142135623730951	1.4142135623730951	2.0	2.8284271247461903	2.8284271247461903	2.1145049098365263
GSE277116	pdac6	GSM8514534	4	archive_array_coordinates	11716	1.4142135623730951	1.4142135623730951	1.4142135623730951	1.4142135623730951	1.4142135623730951	1.4397223032144981
GSE277116	pdac6	GSM8514534	6	archive_array_coordinates	17574	1.4142135623730951	1.4142135623730951	1.4142135623730951	2.0	2.0	1.6441635432982848
GSE277116	pdac6	GSM8514534	12	archive_array_coordinates	35148	1.4142135623730951	1.4142135623730951	2.0	2.8284271247461903	2.8284271247461903	2.1470882688765682
GSE277116	pdac7	GSM8514535	4	archive_array_coordinates	19968	1.4142135623730951	1.4142135623730951	1.4142135623730951	1.4142135623730951	1.4142135623730951	1.4263244044041714
GSE277116	pdac7	GSM8514535	6	archive_array_coordinates	29952	1.4142135623730951	1.4142135623730951	1.4142135623730951	2.0	2.0	1.6234470555429545
GSE277116	pdac7	GSM8514535	12	archive_array_coordinates	59904	1.4142135623730951	1.4142135623730951	2.0	2.8284271247461903	2.8284271247461903	2.1087543153548793
GSE277116	pdac8	GSM8514536	4	archive_array_coordinates	13280	1.4142135623730951	1.4142135623730951	1.4142135623730951	1.4142135623730951	1.4142135623730951	1.4318260596898906
GSE277116	pdac8	GSM8514536	6	archive_array_coordinates	19920	1.4142135623730951	1.4142135623730951	1.4142135623730951	2.0	2.0	1.6305434219466233
GSE277116	pdac8	GSM8514536	12	archive_array_coordinates	39840	1.4142135623730951	1.4142135623730951	2.0	2.8284271247461903	2.8284271247461903	2.121415713163212
GSE277116	pdac9	GSM8514537	4	archive_array_coordinates	12536	1.4142135623730951	1.4142135623730951	1.4142135623730951	1.4142135623730951	1.4142135623730951	1.429441562448737
GSE277116	pdac9	GSM8514537	6	archive_array_coordinates	18804	1.4142135623730951	1.4142135623730951	1.4142135623730951	2.0	2.0	1.6291114057465037
GSE277116	pdac9	GSM8514537	12	archive_array_coordinates	37608	1.4142135623730951	1.4142135623730951	2.0	2.8284271247461903	2.8284271247461903	2.1199364961931613
GSE277116	pdac11	GSM8514539	4	archive_array_coordinates	12096	1.4142135623730951	1.4142135623730951	1.4142135623730951	1.4142135623730951	1.4142135623730951	1.4326200543174217
GSE277116	pdac11	GSM8514539	6	archive_array_coordinates	18144	1.4142135623730951	1.4142135623730951	1.4142135623730951	2.0	2.0	1.6327759570414857
GSE277116	pdac11	GSM8514539	12	archive_array_coordinates	36288	1.4142135623730951	1.4142135623730951	2.0	2.8284271247461903	2.8284271247461903	2.124670243474915
GSE277116	pdac15	GSM8514543	4	archive_array_coordinates	5296	1.4142135623730951	1.4142135623730951	1.4142135623730951	1.4142135623730951	2.0	1.4650356953540704
GSE277116	pdac15	GSM8514543	6	archive_array_coordinates	7944	1.4142135623730951	1.4142135623730951	1.4142135623730951	2.0	2.0	1.676285111702886
GSE277116	pdac15	GSM8514543	12	archive_array_coordinates	15888	1.4142135623730951	1.4142135623730951	2.0	2.8284271247461903	3.1622776601683795	2.2129433804251235
GSE277116	pdac16	GSM8514544	4	archive_array_coordinates	6796	1.4142135623730951	1.4142135623730951	1.4142135623730951	1.4142135623730951	1.4142135623730951	1.4570601873594062
GSE277116	pdac16	GSM8514544	6	archive_array_coordinates	10194	1.4142135623730951	1.4142135623730951	1.4142135623730951	2.0	2.0	1.6590497440119731
GSE277116	pdac16	GSM8514544	12	archive_array_coordinates	20388	1.4142135623730951	1.4142135623730951	2.0	2.8284271247461903	3.1622776601683795	2.1563050994093182
GSE277116	pdac18	GSM8514546	4	archive_array_coordinates	6772	1.4142135623730951	1.4142135623730951	1.4142135623730951	1.4142135623730951	1.4142135623730951	1.4519551706840748
GSE277116	pdac18	GSM8514546	6	archive_array_coordinates	10158	1.4142135623730951	1.4142135623730951	1.4142135623730951	2.0	2.0	1.653336194083417
GSE277116	pdac18	GSM8514546	12	archive_array_coordinates	20316	1.4142135623730951	1.4142135623730951	2.0	2.8284271247461903	3.1622776601683795	2.1515039782804433
GSE277116	pdac19	GSM8514547	4	archive_array_coordinates	9996	1.4142135623730951	1.4142135623730951	1.4142135623730951	1.4142135623730951	2.0	1.4767723004646134
GSE277116	pdac19	GSM8514547	6	archive_array_coordinates	14994	1.4142135623730951	1.4142135623730951	1.4142135623730951	2.0	2.0	1.6881272220563308
GSE277116	pdac19	GSM8514547	12	archive_array_coordinates	29988	1.4142135623730951	1.4142135623730951	2.0	2.8284271247461903	3.1622776601683795	2.2068976398923983
GSE277116	pdac20	GSM8514548	4	archive_array_coordinates	13692	1.4142135623730951	1.4142135623730951	1.4142135623730951	1.4142135623730951	1.4142135623730951	1.4419292470793323
GSE277116	pdac20	GSM8514548	6	archive_array_coordinates	20538	1.4142135623730951	1.4142135623730951	1.4142135623730951	2.0	2.0	1.6425591208496915
GSE277116	pdac20	GSM8514548	12	archive_array_coordinates	41076	1.4142135623730951	1.4142135623730951	2.0	2.8284271247461903	2.8284271247461903	2.138405633570557
GSE277116	pdac22	GSM8514550	4	archive_array_coordinates	5832	1.4142135623730951	1.4142135623730951	1.4142135623730951	1.4142135623730951	2.0	1.4529440820345705
GSE277116	pdac22	GSM8514550	6	archive_array_coordinates	8748	1.4142135623730951	1.4142135623730951	1.4142135623730951	2.0	2.0	1.6574947891889034
GSE277116	pdac22	GSM8514550	12	archive_array_coordinates	17496	1.4142135623730951	1.4142135623730951	2.0	2.8284271247461903	3.1622776601683795	2.166088054437404
GSE277116	pdac23	GSM8514551	4	archive_array_coordinates	11892	1.4142135623730951	1.4142135623730951	1.4142135623730951	1.4142135623730951	1.4142135623730951	1.446598106687371
GSE277116	pdac23	GSM8514551	6	archive_array_coordinates	17838	1.4142135623730951	1.4142135623730951	1.4142135623730951	2.0	2.0	1.6472707900041923
GSE277116	pdac23	GSM8514551	12	archive_array_coordinates	35676	1.4142135623730951	1.4142135623730951	2.0	2.8284271247461903	2.8284271247461903	2.1428087106607796
GSE277116	pdac24	GSM8514552	4	archive_array_coordinates	7752	1.4142135623730951	1.4142135623730951	1.4142135623730951	1.4142135623730951	2.0	1.469426299360751
GSE277116	pdac24	GSM8514552	6	archive_array_coordinates	11628	1.4142135623730951	1.4142135623730951	1.4142135623730951	2.0	2.0	1.675163104547501
GSE277116	pdac24	GSM8514552	12	archive_array_coordinates	23256	1.4142135623730951	1.4142135623730951	2.0	2.8284271247461903	3.1622776601683795	2.1954552986339197
GSE277116	pdac25	GSM8514553	4	archive_array_coordinates	5800	1.4142135623730951	1.4142135623730951	1.4142135623730951	1.4142135623730951	2.0	1.468457727078657
GSE277116	pdac25	GSM8514553	6	archive_array_coordinates	8700	1.4142135623730951	1.4142135623730951	1.4142135623730951	2.0	2.0	1.6718843614468577
GSE277116	pdac25	GSM8514553	12	archive_array_coordinates	17400	1.4142135623730951	1.4142135623730951	2.0	2.8284271247461903	3.1622776601683795	2.181349387442023
GSE277116	pdac27	GSM8514555	4	archive_array_coordinates	11256	1.4142135623730951	1.4142135623730951	1.4142135623730951	1.4142135623730951	1.4142135623730951	1.449675979997013
GSE277116	pdac27	GSM8514555	6	archive_array_coordinates	16884	1.4142135623730951	1.4142135623730951	1.4142135623730951	2.0	2.0	1.6541139162395824
GSE277116	pdac27	GSM8514555	12	archive_array_coordinates	33768	1.4142135623730951	1.4142135623730951	2.0	2.8284271247461903	3.1622776601683795	2.1594325955345908
