cohort	analysis_unit	k	mregDC_residualization	mask_definition	n_units	median_local_r	bootstrap_ci_low	bootstrap_ci_high	positive_units
GSE278687	patient	4	with_DC_core_adjustment	DC_core_above_mean	18	0.3750139522168384	0.27860277940423883	0.45235109604840934	17
GSE278687	patient	4	with_DC_core_adjustment	DC_core_above_median	18	0.37861496671962447	0.26841821011590733	0.4768138487098897	17
GSE278687	patient	4	with_DC_core_adjustment	DC_core_above_q75	18	0.40604598606861897	0.31010057280545555	0.49565685159691486	17
GSE278687	patient	4	with_DC_core_adjustment	whole_tissue	18	0.33176740735469035	0.2358637696400555	0.4089322430364379	17
GSE278687	patient	4	without_DC_core_adjustment	DC_core_above_mean	18	0.39145524591359193	0.2875433169276793	0.4882287972121643	17
GSE278687	patient	4	without_DC_core_adjustment	DC_core_above_median	18	0.39095533590455467	0.2728270922783842	0.5020562209357964	17
GSE278687	patient	4	without_DC_core_adjustment	DC_core_above_q75	18	0.4195562519458924	0.33057723846920956	0.5215394489968402	17
GSE278687	patient	4	without_DC_core_adjustment	whole_tissue	18	0.3472050207151991	0.2685434346166379	0.44009003804402735	17
GSE278687	patient	6	with_DC_core_adjustment	DC_core_above_mean	18	0.41832734324688803	0.3116349444249227	0.5076682580879301	17
GSE278687	patient	6	with_DC_core_adjustment	DC_core_above_median	18	0.4276352185995078	0.3134995640376282	0.5231716057533249	17
GSE278687	patient	6	with_DC_core_adjustment	DC_core_above_q75	18	0.44929038282247546	0.35953347077003966	0.5512967881723825	16
GSE278687	patient	6	with_DC_core_adjustment	whole_tissue	18	0.3761501633366099	0.27722049113564773	0.4524301256165473	17
GSE278687	patient	6	without_DC_core_adjustment	DC_core_above_mean	18	0.4478705613664055	0.3161036666110742	0.5321568842855495	17
GSE278687	patient	6	without_DC_core_adjustment	DC_core_above_median	18	0.45956140637267373	0.31796951527400164	0.5453039902296628	17
GSE278687	patient	6	without_DC_core_adjustment	DC_core_above_q75	18	0.47549253265290703	0.36591167412221426	0.58315554462258	16
GSE278687	patient	6	without_DC_core_adjustment	whole_tissue	18	0.3993464292383859	0.32698692434846	0.4955274898620842	17
GSE278687	patient	12	with_DC_core_adjustment	DC_core_above_mean	18	0.4747873381436908	0.36265058743099576	0.5934552281412143	16
GSE278687	patient	12	with_DC_core_adjustment	DC_core_above_median	18	0.4773494173285632	0.3603468569319177	0.6015081823002382	16
GSE278687	patient	12	with_DC_core_adjustment	DC_core_above_q75	18	0.506934963397608	0.3962521900354381	0.6271596914821223	16
GSE278687	patient	12	with_DC_core_adjustment	whole_tissue	18	0.4284647093130919	0.3509650462470437	0.5408851000638624	17
GSE278687	patient	12	without_DC_core_adjustment	DC_core_above_mean	18	0.5199073801788897	0.3700572962122598	0.6021950195737739	17
GSE278687	patient	12	without_DC_core_adjustment	DC_core_above_median	18	0.5233653719581108	0.3666890189999905	0.624568873836653	16
GSE278687	patient	12	without_DC_core_adjustment	DC_core_above_q75	18	0.5355296005780203	0.40717965869569556	0.6523619407497345	17
GSE278687	patient	12	without_DC_core_adjustment	whole_tissue	18	0.4742589838317228	0.38028217664194275	0.5702784129418764	17
GSE277116	sample	4	with_DC_core_adjustment	DC_core_above_mean	18	0.37157108989484133	0.24359027628642632	0.4011544113364919	17
GSE277116	sample	4	with_DC_core_adjustment	DC_core_above_median	18	0.36677718152353533	0.2659718271093262	0.4172658831615143	17
GSE277116	sample	4	with_DC_core_adjustment	DC_core_above_q75	18	0.3550668416300664	0.2985170814855926	0.47509783664037764	17
GSE277116	sample	4	with_DC_core_adjustment	whole_tissue	18	0.3050088163512329	0.2091451856511847	0.3681886724033596	18
GSE277116	sample	4	without_DC_core_adjustment	DC_core_above_mean	18	0.386538476939818	0.26273537345058673	0.43553566106704233	17
GSE277116	sample	4	without_DC_core_adjustment	DC_core_above_median	18	0.3786637317311471	0.2904539365483604	0.43837691551125924	17
GSE277116	sample	4	without_DC_core_adjustment	DC_core_above_q75	18	0.39794216273900723	0.30410005471428136	0.48948979106509566	17
GSE277116	sample	4	without_DC_core_adjustment	whole_tissue	18	0.33138183797242926	0.24657785110624686	0.4146251031978119	18
GSE277116	sample	6	with_DC_core_adjustment	DC_core_above_mean	18	0.41363346629497855	0.28747885473681545	0.47018967558860414	18
GSE277116	sample	6	with_DC_core_adjustment	DC_core_above_median	18	0.4133402380902099	0.29315783351123037	0.49005216955851816	18
GSE277116	sample	6	with_DC_core_adjustment	DC_core_above_q75	18	0.41889475307285384	0.3216395185484503	0.5320761696902965	17
GSE277116	sample	6	with_DC_core_adjustment	whole_tissue	18	0.3690928323037411	0.25191535345224403	0.43871686938236076	18
GSE277116	sample	6	without_DC_core_adjustment	DC_core_above_mean	18	0.42815123062921656	0.31375279899406994	0.4973779651659654	18
GSE277116	sample	6	without_DC_core_adjustment	DC_core_above_median	18	0.42476392622830955	0.33680567627162855	0.5089700521311158	18
GSE277116	sample	6	without_DC_core_adjustment	DC_core_above_q75	18	0.4530569544858953	0.3315102974602273	0.5550313410689858	17
GSE277116	sample	6	without_DC_core_adjustment	whole_tissue	18	0.38349284057248806	0.2811346109720191	0.4748505801716138	18
GSE277116	sample	12	with_DC_core_adjustment	DC_core_above_mean	18	0.4726507079828985	0.363270565981687	0.5503232512583248	18
GSE277116	sample	12	with_DC_core_adjustment	DC_core_above_median	18	0.4848224911417942	0.369848747773858	0.5699419188287654	18
GSE277116	sample	12	with_DC_core_adjustment	DC_core_above_q75	18	0.5312270236123354	0.3868794092688992	0.6131031112102647	17
GSE277116	sample	12	with_DC_core_adjustment	whole_tissue	18	0.4476898488750202	0.3535909379616253	0.5182923044111316	18
GSE277116	sample	12	without_DC_core_adjustment	DC_core_above_mean	18	0.49570416306210047	0.4110777309646111	0.5912501312750122	18
GSE277116	sample	12	without_DC_core_adjustment	DC_core_above_median	18	0.5121451418407871	0.42328716122468096	0.5870071206953213	18
GSE277116	sample	12	without_DC_core_adjustment	DC_core_above_q75	18	0.5559081060469665	0.4097879024971762	0.6268885154746071	17
GSE277116	sample	12	without_DC_core_adjustment	whole_tissue	18	0.4643229002312351	0.39047503162390323	0.5693930123980795	18
