draw	mask_moran_section_median_abs_delta	global_moran_section_median_abs_delta
1	2.1192422586552295e-05	0.022896123581059316
2	1.1983764100990946e-05	0.025018102454499237
3	2.0809920327866105e-05	0.02861666030791255
4	2.1293818097773906e-05	0.027633786738648757
5	1.4386948726116677e-05	0.03738807094362313
6	2.1387853376672594e-05	0.028563175591510358
7	1.7299437443420163e-05	0.017146777632759312
8	1.4553224672595247e-05	0.026470440857622582
9	2.5357065354440766e-05	0.024445498640979838
10	2.0541293482466416e-05	0.026928846268351403
11	3.03404518397013e-05	0.03534944737404864
12	1.826449531289881e-05	0.023405572446506068
13	1.0171582601366247e-05	0.03934977532642418
14	2.43955716004024e-05	0.020599077355167812
15	1.3459948447612502e-05	0.03465750234996973
16	1.7588173671277685e-05	0.022599606547400508
17	1.6240094567368524e-05	0.020802118797019913
18	3.175270163572469e-05	0.03012640629136565
19	2.5226048283075175e-05	0.030908193016936918
20	2.182770233955661e-05	0.03332664270988274
21	2.1156064051272572e-05	0.015958062131313247
22	2.2438166777209723e-05	0.028274529248710628
23	2.6352426371559906e-05	0.022253085561503873
24	3.414302702283052e-05	0.015460422103239804
25	2.1989965226759667e-05	0.02583925383752716
26	2.2862016883548608e-05	0.02876947952597758
27	1.6698692713059543e-05	0.02687271210895178
28	1.906412943615543e-05	0.02061131735577657
29	1.6472849257626043e-05	0.02795864265177548
30	2.2350664153569788e-05	0.026659162902908148
31	2.0601327269885103e-05	0.02528665206236088
32	1.7649272232148072e-05	0.02200856093747735
33	2.2551436003465097e-05	0.03521859337945136
34	2.0049597820571974e-05	0.031058441591951858
35	2.6178036075824584e-05	0.02411291783800096
36	1.716313874396136e-05	0.024124292996358977
37	1.8990332943405464e-05	0.020472627531947684
38	2.1454678303299557e-05	0.026158448491490037
39	2.1390857259460938e-05	0.036373942751061816
40	2.1677364228436802e-05	0.02979509013425504
41	2.2100647626713266e-05	0.021093160471157273
42	1.913509777844158e-05	0.027253193567052948
43	2.3294634492854183e-05	0.03135475163738031
44	1.7263513274690112e-05	0.02179137651847758
45	1.8427477068240494e-05	0.033422072577047254
46	1.6556921993923085e-05	0.02460785010958843
47	2.03232329080566e-05	0.026116525982305308
48	2.00821406743934e-05	0.021383761052315275
49	3.6187722175354264e-05	0.020802552665228968
50	2.365735658785978e-05	0.022317260191792535
51	1.7602976978260687e-05	0.023426574435898136
52	1.735813689008464e-05	0.027373075948948375
53	2.4199232963414974e-05	0.03058627549931102
54	1.0760451371175095e-05	0.02355623927793587
55	1.8505648013429632e-05	0.032150250951000284
56	2.1509345019148085e-05	0.026199354901387584
57	3.0399817358493786e-05	0.021871146013553847
58	9.257653722968481e-06	0.02123832627547638
59	2.079742967726634e-05	0.02298657442012616
60	2.3407329024380252e-05	0.03464147749177219
61	1.5190626716919675e-05	0.021543010165538348
62	2.4173105441629983e-05	0.027865997093096916
63	1.8768807247729336e-05	0.022120545922780635
64	2.51440529979996e-05	0.02412412497611571
65	1.3761050776231465e-05	0.02612828161615744
66	2.1246086048212764e-05	0.02310904990527774
67	1.4817666358468706e-05	0.02047389252197573
68	1.9908165954641427e-05	0.02227297535629379
69	1.6970882259042565e-05	0.019213863364936398
70	1.8595756324228663e-05	0.03585895421355417
71	1.558406574998783e-05	0.02662543306264285
72	1.4403472142127116e-05	0.024952496621972214
73	1.6813712466798303e-05	0.02695362910649935
74	2.885917585240122e-05	0.024271794400940763
75	1.6498221627893328e-05	0.03277186119421733
76	2.2014086362388482e-05	0.013320199732416306
77	1.5973206118145844e-05	0.01909612607980256
78	1.8395011008288942e-05	0.030268809478494037
79	1.2451712415186e-05	0.024394907715315495
80	2.5844166538419033e-05	0.028222164410567845
81	1.5117787095245139e-05	0.02862360878608982
82	1.5947446780469055e-05	0.01561619481983225
83	1.8260218564727926e-05	0.030059071430078577
84	1.3766620502633775e-05	0.03056145207903927
85	2.2142900763817003e-05	0.031539772891781184
86	1.3707143940284994e-05	0.022979748739978226
87	1.8383221249619608e-05	0.026259921636291178
88	1.984145584139202e-05	0.02442163791742029
89	2.0489693598878256e-05	0.019157582795459295
90	1.768178379760177e-05	0.0273670409269116
91	2.177545609364194e-05	0.026617271944556382
92	1.7605438883488977e-05	0.022758104463728848
93	1.5513044374991514e-05	0.020572187383193073
94	2.0728052110716155e-05	0.0338806812810872
95	1.9259966673346174e-05	0.026972728344358127
96	2.000891755293832e-05	0.04000711032453989
97	1.5906395095098558e-05	0.02417668743022782
98	1.185173696842401e-05	0.02114756728615789
99	2.275295583362147e-05	0.02958462735072987
100	2.3856978826480857e-05	0.027263238103944654
101	1.4311346195207408e-05	0.02972802108099785
102	2.8442209474455193e-05	0.031171444884362232
103	2.3631071900245826e-05	0.021035575579036986
104	1.4799978458088225e-05	0.013463978683206958
105	2.4662966967389788e-05	0.027155230108859618
106	1.5837411821567615e-05	0.018121259351763532
107	2.388457714332104e-05	0.026525308093345037
108	2.1623828978245552e-05	0.03274951173285817
109	1.6602404569007745e-05	0.027939816178357894
110	1.6846570938242045e-05	0.030841072503216604
111	1.786438007708724e-05	0.021017277294481593
112	2.024376066536021e-05	0.03647384399009082
113	2.0366048347791876e-05	0.02443763651262061
114	1.1076864216710836e-05	0.0296771908495082
115	1.9765652379127863e-05	0.022240237439018488
116	1.8419485119942902e-05	0.027469728315949828
117	1.595792235069976e-05	0.02284601556290343
118	1.697143979005611e-05	0.030407632958288335
119	1.120941092402905e-05	0.03220143793762906
120	1.95419274077388e-05	0.029155052598710974
121	2.47456874214666e-05	0.02124823168119526
122	1.8234332544525556e-05	0.02321752237774742
123	1.8281776519225856e-05	0.02406167119978897
124	1.540016464481042e-05	0.02260646893520432
125	1.9806418144002746e-05	0.03062503054555285
126	2.146708141185366e-05	0.02567308048530409
127	2.597978957483843e-05	0.02295189564608081
128	2.203231231475561e-05	0.018096496933637646
129	2.2698100604373606e-05	0.021203828247644455
130	2.297956208747315e-05	0.021227658481593775
131	2.3692166560729255e-05	0.0269077510046076
132	1.5277394981874637e-05	0.040963565378750635
133	1.5725024676872812e-05	0.01837962159797735
134	1.1263427976131168e-05	0.032725243119959946
135	1.2754714996197902e-05	0.029004739345270134
136	1.7071823973091593e-05	0.03550647018354219
137	1.7126549072196684e-05	0.024656522063146776
138	1.557210954332422e-05	0.030533158206505012
139	2.69521687085994e-05	0.028865145732013514
140	1.519801976233165e-05	0.027762749314564687
141	1.5852596179706524e-05	0.03484740911451429
142	2.2468553373060363e-05	0.035155835271270294
143	1.3443239554530861e-05	0.030155073488364884
144	1.774651759300222e-05	0.02483843244418118
145	1.5798514816439506e-05	0.02922349612949586
146	2.7298995688720962e-05	0.022057138426963212
147	1.9494826977176083e-05	0.02952045277866932
148	1.669755149757285e-05	0.023590119854486703
149	1.653506781801317e-05	0.028058745585749827
150	1.6417187166772873e-05	0.015096246592094902
151	3.03970534783482e-05	0.037011525320269925
152	1.6079361889747776e-05	0.02446414983502444
153	2.5177146732266453e-05	0.019127204033306547
154	2.3009509135618264e-05	0.02596475967789097
155	2.1508182294410413e-05	0.034506329750164266
156	1.9723665625590373e-05	0.026009175232853565
157	1.2951341089501023e-05	0.024772377345530096
158	2.4132745123972565e-05	0.022838478301195064
159	1.531685915816261e-05	0.03166183874931149
160	1.5113222781484859e-05	0.023570387043607127
161	1.2045710791344644e-05	0.02665175549761857
162	1.4618836035255878e-05	0.021057875510905696
163	2.025738084968781e-05	0.02381412708250638
164	1.0485628374190537e-05	0.03422405300403881
165	1.7491542305334007e-05	0.024726635867770522
166	1.407456054043632e-05	0.03008240761919559
167	2.400896416591275e-05	0.028202855334422253
168	2.5350513183072798e-05	0.03154155750685768
169	1.8071957602949773e-05	0.030512295746174437
170	2.4798747365772922e-05	0.020316081643213926
171	1.5057127802524384e-05	0.03622194431402083
172	2.20747423578041e-05	0.03227072120055763
173	1.994075468024492e-05	0.02571601646919382
174	1.2313327399565699e-05	0.025752600277367713
175	1.5472668854599192e-05	0.016466425379465535
176	1.932847631006679e-05	0.027136859709778305
177	2.493387984637413e-05	0.032014784302114754
178	2.311347430287297e-05	0.02842845273700365
179	1.8668713222593294e-05	0.027651349937202266
180	1.946716115162027e-05	0.023861172233390703
181	2.836751749177302e-05	0.024545991218267366
182	1.4302112073871776e-05	0.0201836039694718
183	2.1920605551577557e-05	0.029174141195501976
184	1.4533834794702716e-05	0.035390991058883346
185	2.089675555225906e-05	0.030933069555825574
186	2.4091441303122907e-05	0.03545632435693126
187	1.8029568107792715e-05	0.026858738407130253
188	1.4963822237423763e-05	0.026534990730437163
189	2.1466320572392783e-05	0.014310567037810487
190	2.2769717995536898e-05	0.01602749094947345
191	2.4661595030048278e-05	0.013869683214792462
192	1.3871042221794139e-05	0.021950058623730503
193	2.227107039083631e-05	0.024911957736187443
194	2.0551651522163206e-05	0.022770715217441576
195	1.3507805304700804e-05	0.024025533630365484
196	1.2797620989808342e-05	0.02588221586152906
197	1.8212619753162074e-05	0.01327251860001535
198	2.4385779797360396e-05	0.025088214319774482
199	1.4851550668708302e-05	0.022918649119047427
200	1.94291024010404e-05	0.014562854337693113
201	1.3897844700710982e-05	0.03461893431431808
202	2.444730024081781e-05	0.025899538747358147
203	2.072400780157857e-05	0.021522692526521954
204	1.632206243437368e-05	0.027529148560442383
205	1.65404164601049e-05	0.03107708572781041
206	2.4592122326569377e-05	0.022104623793323234
207	2.6469507261366043e-05	0.024129705050153882
208	1.5927525748561655e-05	0.027106512080388397
209	1.1393252583348501e-05	0.025942924585149817
210	1.3344192005360599e-05	0.025252427293086438
211	1.55838867834171e-05	0.03319039712501454
212	2.114667945207066e-05	0.02560213821273807
213	1.1956511085486898e-05	0.01518682540181264
214	3.243727654059919e-05	0.027155926079998394
215	1.636596710231919e-05	0.02781167300392095
216	2.7153554852415995e-05	0.030819356721759228
217	1.5858429500074933e-05	0.02790268267128001
218	1.7586212251133326e-05	0.03851190160535813
219	2.4384740701710594e-05	0.03539554133637715
220	2.5246719663876704e-05	0.02328404695157193
221	2.3381402793259953e-05	0.0357701427790071
222	1.842765630120924e-05	0.02599368711795373
223	1.605710392033055e-05	0.02288945663189156
224	3.3397381407757054e-05	0.026779113209240313
225	2.0213317059321334e-05	0.02605568956248442
226	2.769787142413438e-05	0.027102056562344167
227	2.3104888865851936e-05	0.020945838301711872
228	2.2852966931642682e-05	0.021757789227488722
229	2.5276862605262684e-05	0.018420142570850336
230	1.4563736108239023e-05	0.02781640985780161
231	3.139516672186898e-05	0.023054957114417837
232	2.017439410310906e-05	0.021195664689141715
233	1.6298933140056204e-05	0.03105894831348585
234	1.53737008610497e-05	0.019271684785773235
235	2.283067262515842e-05	0.022105578319156466
236	2.2363339698627804e-05	0.03431102551983771
237	2.1914561013608447e-05	0.04082586590445987
238	2.315730872919433e-05	0.03821366129205575
239	2.068567106193464e-05	0.03204541735243672
240	1.613032059169517e-05	0.02383482610602766
241	2.2214506674916867e-05	0.02236986137819474
242	1.7339916368382113e-05	0.025881138658212288
243	2.3920959344753134e-05	0.017384146207562408
244	1.1047872283019393e-05	0.018344249034285234
245	9.048994947087607e-06	0.020806820559366862
246	1.2154199907063457e-05	0.03728497057753672
247	1.1019036597344212e-05	0.022541306908379542
248	1.3471533884909515e-05	0.03062682373057202
249	2.1831655522955296e-05	0.019802887475426648
250	2.0553397897984937e-05	0.022390873863703652
251	1.838034389155252e-05	0.020420400656638006
252	2.8610205530334165e-05	0.02506989691865756
253	1.6916715792708592e-05	0.026789806571529882
254	1.741807484768182e-05	0.02874571581691443
255	2.0881137078654355e-05	0.025415408138530767
256	2.5572343891971938e-05	0.033629438411261176
257	2.2514873740060726e-05	0.031868421285220834
258	1.7561084224827772e-05	0.03100324044903447
259	1.647965475447266e-05	0.021642084135736303
260	1.9223208272974024e-05	0.030189000771420182
261	1.9429154935100834e-05	0.01660408600903914
262	1.7929053025778074e-05	0.031169599574069617
263	2.3632630144952704e-05	0.021965901263639447
264	3.270363878977306e-05	0.015417269605513512
265	2.3660511434847598e-05	0.02184693171791302
266	1.658370009944253e-05	0.030553369583422356
267	2.06239651171225e-05	0.0231782858477051
268	1.7545968033993997e-05	0.03273263024588911
269	1.0301185404563984e-05	0.026195195838400364
270	1.8657048725001513e-05	0.029392712424006144
271	1.861023522771975e-05	0.030058612543872213
272	2.284458591534505e-05	0.027633657715518786
273	2.2720403470552486e-05	0.02173798085030019
274	2.2923775746868866e-05	0.023632933593424457
275	1.6746334080455783e-05	0.02613061625665388
276	2.0466116095865794e-05	0.026089854111877787
277	1.6389093274560285e-05	0.022416681157463533
278	2.646565837659265e-05	0.02454182218869419
279	1.6174677949870597e-05	0.028492669592731834
280	1.3526683949785512e-05	0.027871215567924212
281	1.9132816429082156e-05	0.02997759415578713
282	2.4711103804836432e-05	0.023494673474545244
283	2.139837087268559e-05	0.02973780606073306
284	2.5069723495307894e-05	0.030522589096871444
285	1.9089818716150342e-05	0.030135140250240958
286	1.9391551712336086e-05	0.024587956049246098
287	1.7826494387480907e-05	0.02662049503975816
288	2.9529527352245566e-05	0.02887954999086771
289	2.0616628761613298e-05	0.02521331433636373
290	1.380976469643469e-05	0.024691939321956118
291	1.922696143661501e-05	0.023736511348238124
292	8.439975346753725e-06	0.0184830504807994
293	1.9853936994343457e-05	0.03234275883563026
294	1.2879724515118401e-05	0.032858811838749204
295	2.1923409661381288e-05	0.03254963248208598
296	2.1232240649350642e-05	0.023356861634977848
297	2.6390043405981334e-05	0.022689308753093794
298	2.1904351797261135e-05	0.035592909337011175
299	1.621126463936806e-05	0.022687091157010224
300	2.1981073399852946e-05	0.025998303315670296
301	2.090723519546263e-05	0.0325530405952323
302	2.8235953328667462e-05	0.03320718416897837
303	2.2252013635683243e-05	0.03359940832092885
304	1.919621919744402e-05	0.01855543593397614
305	1.7013402196210115e-05	0.025343573473077474
306	1.2703316636150652e-05	0.02832173029724449
307	2.7645473053500638e-05	0.0206380309466428
308	1.4228053715370503e-05	0.02647368047015984
309	2.5337889901638766e-05	0.023265967047081133
310	1.3923845697719206e-05	0.029900424343007288
311	2.2216142473281686e-05	0.02743686842419319
312	1.7725687952455105e-05	0.024011872863143303
313	2.6515037809260456e-05	0.023050472806032174
314	2.1795353318782018e-05	0.03553927157361045
315	1.822110604062649e-05	0.02230844512054684
316	2.4166730370152323e-05	0.024801236825671716
317	2.3006541565132044e-05	0.02333369649195219
318	2.199543097813894e-05	0.029082031300927
319	1.999762943954292e-05	0.0241146238205873
320	2.244536826855742e-05	0.01762325144650838
321	1.9469262471427662e-05	0.03479564450895811
322	2.014630772871097e-05	0.029204082168222678
323	2.4492376446680342e-05	0.0362440055843311
324	3.072380617059889e-05	0.024231026179137485
325	1.5270676850996645e-05	0.042328710890909726
326	2.8730896193970845e-05	0.03294972528929397
327	1.930652091255286e-05	0.027808802979743027
328	2.3740640840846927e-05	0.030146137013946472
329	2.4111921270483783e-05	0.03392175077504956
330	1.9615765415677625e-05	0.03464154444724195
331	2.5650591428921787e-05	0.024481000702415212
332	1.870944323910384e-05	0.025864836603376143
333	2.1578790765502953e-05	0.018579522696103343
334	1.830781862869474e-05	0.03348051698522671
335	1.821185648144541e-05	0.02269852420421361
336	1.9770899825480304e-05	0.03668268565203339
337	1.8726646285979753e-05	0.036742902939629396
338	2.5826545218279873e-05	0.02761767010195801
339	1.557557854772046e-05	0.04136819685435022
340	1.8490183665204052e-05	0.033996692596516824
341	1.3980496639150186e-05	0.02976346554363698
342	2.1845610306867047e-05	0.02942235035828665
343	1.3932235806229931e-05	0.02843353505338119
344	2.5787319163209088e-05	0.024806315614009172
345	2.6485477159624016e-05	0.028335758430853147
346	3.3160664469372714e-05	0.02524976281443579
347	1.8210915872479694e-05	0.019083577201750666
348	1.34044231759195e-05	0.027085715907764506
349	2.2037353790867187e-05	0.022514679417546556
350	1.0414628941531057e-05	0.0229520789601585
351	1.7850581382367406e-05	0.029034255037169346
352	1.715461033796606e-05	0.02808111985718593
353	1.4518068555041674e-05	0.01950216072455762
354	1.630862455735682e-05	0.02095198132168908
355	2.2973500030824823e-05	0.025204161922941
356	1.1373751376678176e-05	0.020076515609320333
357	1.7726349898937108e-05	0.018124566818092432
358	2.2707809966812653e-05	0.024778934816490808
359	1.2842664689788341e-05	0.021223078963407218
360	1.5604774838917645e-05	0.02304368531851432
361	2.20517990642613e-05	0.016229737174943748
362	1.9418648819859163e-05	0.02774983006518627
363	2.6376750127399262e-05	0.020560561125293544
364	1.670700151043536e-05	0.03164928835590083
365	2.6414990446178843e-05	0.025744670685808074
366	1.8877234897053674e-05	0.03224785428714568
367	2.4004320816062297e-05	0.017177452990265782
368	2.875531934773412e-05	0.028950765280182138
369	2.3245904095888295e-05	0.027077340898134683
370	1.5195282446256453e-05	0.02768536651797302
371	2.212572314370942e-05	0.020848615161174346
372	2.1250421288893095e-05	0.029579343082546394
373	2.2827392935645396e-05	0.028871022006878754
374	1.6402713939163427e-05	0.02054236500877188
375	2.6872500351680928e-05	0.03758890725072584
376	1.7790929232902597e-05	0.035727277176274726
377	1.436537819057837e-05	0.028562845523942296
378	1.4672761611426999e-05	0.023498281716672148
379	3.493801410328623e-05	0.014346647227671521
380	1.842803866904108e-05	0.02752953211195825
381	2.6143555561873588e-05	0.021527159432886078
382	1.887288344795679e-05	0.025937367100953318
383	1.8994047224649147e-05	0.02306318400322461
384	1.4963881027632575e-05	0.023640770873707334
385	1.579761164494098e-05	0.02251094827145196
386	1.818965775386011e-05	0.03624686986729876
387	2.361840625737799e-05	0.03495467499219545
388	1.3794617623075212e-05	0.02856046260875112
389	1.7078827396856122e-05	0.033099310134198555
390	1.1857684762202336e-05	0.025073854946685258
391	1.2113948066626301e-05	0.03185347138751905
392	1.5446095526776282e-05	0.03046347738876784
393	1.9880592556420495e-05	0.024328728997723134
394	2.9825703757202504e-05	0.03773038872933506
395	2.1275568084191954e-05	0.02679357621636888
396	2.2113757758276953e-05	0.031669102608321426
397	1.541283757117151e-05	0.022701211414384144
398	1.5835085842900998e-05	0.021046312113965383
399	1.7374094984562438e-05	0.02776265114333911
400	2.458818713267641e-05	0.034117816478927164
401	1.5561824493026677e-05	0.02644138878291955
402	2.1455985500698493e-05	0.027749453238392542
403	2.3942877202837165e-05	0.027053993850019886
404	1.3328928236189252e-05	0.0307814567865283
405	1.9149267625771793e-05	0.01781493977772658
406	2.130981596419612e-05	0.022874149443002693
407	2.5779480380461184e-05	0.025332950559393927
408	2.0919119275812637e-05	0.031669684742802184
409	1.6917368281646472e-05	0.028302151984681306
410	1.3557668722329226e-05	0.0240349119066506
411	2.1201804301165805e-05	0.027476588949579626
412	1.7064284953419162e-05	0.02699357576430551
413	1.88822074571951e-05	0.020632337125412674
414	1.0823301267968988e-05	0.021386484337952177
415	1.797758049252446e-05	0.017944673304818203
416	2.02163505220454e-05	0.03480290761453382
417	1.7874395154202083e-05	0.028441120249562125
418	2.1429663834081347e-05	0.027082391670243178
419	1.6283174777101395e-05	0.026874148574988113
420	2.3091494938190515e-05	0.022905603410897892
421	2.061352140521333e-05	0.023602957160003293
422	2.239860616162076e-05	0.024842362655674362
423	2.1123966965009427e-05	0.029943297699774003
424	2.116021492747089e-05	0.02587546298292648
425	2.7222184909220237e-05	0.03848274127470079
426	2.2144175684080114e-05	0.01990998042172963
427	1.0308879135202675e-05	0.028220279625497974
428	1.6792649693897488e-05	0.02045861710707196
429	2.041221015025574e-05	0.01753506463742738
430	2.7790085524045938e-05	0.03393653639299449
431	3.0998757569136726e-05	0.026212924625036806
432	1.6598437675562072e-05	0.0276347283977974
433	1.3171756115312044e-05	0.028691017105927287
434	1.9212735616197518e-05	0.02420945502174087
435	1.818046284396413e-05	0.020356851263294787
436	2.4201566167248237e-05	0.027325519295232203
437	2.650606463180938e-05	0.024171181272538454
438	2.4032505920784653e-05	0.017692517202887642
439	2.2885063253430538e-05	0.025385767407567372
440	1.7716284661302428e-05	0.02165497137096599
441	1.6349629516937414e-05	0.030713617412540042
442	1.8443113813486345e-05	0.031121745881138117
443	2.2352200827600865e-05	0.02186034433853789
444	2.654190557974112e-05	0.029783353178879743
445	1.249819956906234e-05	0.023889878082433737
446	2.4819517897385276e-05	0.021575039014114686
447	1.2538808717340796e-05	0.02892452756929555
448	2.0262586529221083e-05	0.03225376351368622
449	3.2910595876269044e-05	0.02029327615797758
450	2.0423392395899076e-05	0.020497486138944893
451	2.208301501149812e-05	0.01842619454005064
452	2.280501582671568e-05	0.023999636591616205
453	3.225400886538998e-05	0.027621193925710354
454	1.835151935651591e-05	0.019815841299685673
455	2.111975568314106e-05	0.028532000022419197
456	1.4364923869282509e-05	0.03454483993533667
457	1.024801771670747e-05	0.029376644071638404
458	1.679528099873817e-05	0.01925474859180655
459	2.1220642022229397e-05	0.04168117879222176
460	1.9461391447282705e-05	0.02144834863150559
461	2.2713550188270537e-05	0.033998459922539304
462	2.215602690082419e-05	0.02466442930639809
463	2.243572207261124e-05	0.029622448368104494
464	1.0923927760891905e-05	0.026019209289349088
465	1.934898460469181e-05	0.03253729638006268
466	2.1229558776120205e-05	0.02692744546200546
467	1.968389534572068e-05	0.03362529655154386
468	1.9922758518635397e-05	0.02118066278959214
469	1.9010614827855155e-05	0.028130102066107596
470	1.7490574299110218e-05	0.03707999494105321
471	1.6300914482805795e-05	0.021283899781517332
472	1.6040433684028077e-05	0.03323509108441908
473	1.715865810091033e-05	0.021995761105140732
474	2.7174090260408124e-05	0.02801435259899085
475	2.7554262694559628e-05	0.03210287655738825
476	1.6497223837716457e-05	0.02267201276247277
477	1.3824334043024966e-05	0.024724236466593108
478	1.990137086967797e-05	0.02572543577774221
479	2.465135680232433e-05	0.023248991138446605
480	2.1246754831540093e-05	0.03376663595261453
481	1.8356950934619864e-05	0.02030930423585927
482	2.0555140110165016e-05	0.02909180821171686
483	1.737861056395895e-05	0.03830179237712767
484	1.704935689027763e-05	0.02950431091736852
485	2.178613895924275e-05	0.022673103451519832
486	1.9184561137648715e-05	0.025193335031132545
487	1.7419357964997342e-05	0.02909297063389754
488	2.2775700655043585e-05	0.034937788235108375
489	2.0464344424389602e-05	0.030643954904235222
490	1.8635367127053937e-05	0.028539235559140255
491	2.1234736601177806e-05	0.017385119165295018
492	1.4843450128934621e-05	0.024744299153409838
493	2.1557610100753077e-05	0.01870940691366045
494	1.5954939266787926e-05	0.028383960372494677
495	2.2085698405636955e-05	0.03228345980654636
496	1.8265896468319665e-05	0.02141134409338586
497	1.629111424405333e-05	0.00927808669651952
498	3.017199592183703e-05	0.027628160665885665
499	1.3381617120110031e-05	0.0233877887456045
500	1.9825519525749902e-05	0.02907521281488961
501	2.0050697782589277e-05	0.02521517201482286
502	2.1239755187210663e-05	0.016532464371624492
503	1.7690437738124287e-05	0.014569362105369299
504	2.4963322705198743e-05	0.02649418876771774
505	2.043843189440675e-05	0.0400699857160426
506	1.4551787911563918e-05	0.024659022782547196
507	1.2086060881660518e-05	0.022513315834331818
508	2.117170408952318e-05	0.024609593524463874
509	1.027956746473685e-05	0.019868208706026867
510	2.1391142617885328e-05	0.02466699929961315
511	1.9744061942814084e-05	0.02784184415591854
512	2.443110650403313e-05	0.02333442059861654
513	2.4445687544276395e-05	0.0250923085075777
514	2.398585522338237e-05	0.022961911886014517
515	2.1371998675100146e-05	0.024664190538371024
516	2.3588845061178754e-05	0.020966688626591796
517	2.602389924899473e-05	0.02384273301129236
518	1.0533444108512188e-05	0.03683343957752658
519	1.8610880443505062e-05	0.022781296478548645
520	1.5239058008237327e-05	0.02942464133043037
521	2.7480664331530624e-05	0.019191123314239302
522	2.4959426740647772e-05	0.019931789849395372
523	1.3246843975071865e-05	0.03265454580869265
524	1.3984137212860737e-05	0.02512909110403312
525	1.3735679874136986e-05	0.015915715882328686
526	2.614928692955959e-05	0.03212107139572375
527	1.9655354888320486e-05	0.0242985428670592
528	1.9204186466520272e-05	0.029596179377738965
529	1.5422195571537442e-05	0.02480637590107828
530	2.5457379442699046e-05	0.03080629959601142
531	9.701638011352931e-06	0.022962990884774343
532	2.0747015820317058e-05	0.022993121868782603
533	2.3097474030467358e-05	0.025259253660997807
534	2.5320215090655906e-05	0.035011243552820495
535	1.8374475273634505e-05	0.03128425163438785
536	1.7480198683930692e-05	0.030981973456151692
537	2.2254018091708017e-05	0.03167918911887348
538	7.885719273535707e-06	0.01862911889206691
539	2.4862518553013524e-05	0.01947501425890267
540	2.14159930950978e-05	0.017718864251122943
541	2.4067178622334817e-05	0.03977469228288151
542	2.383022428253251e-05	0.02490916617268126
543	1.7667439607377267e-05	0.026319986434844247
544	1.8571147922433195e-05	0.015446238724073039
545	2.2069975186514434e-05	0.03499148970748338
546	2.47058584778026e-05	0.03282636625469158
547	2.804074424156422e-05	0.02679404447627137
548	1.5427512118791967e-05	0.02313947148776753
549	2.137727007322371e-05	0.031656450644089104
550	2.366398842698625e-05	0.027255959935492582
551	2.5203391677053322e-05	0.030937390479367437
552	1.837050614783564e-05	0.015894111349931846
553	2.0940370381250517e-05	0.026842008990523504
554	1.6023035546368358e-05	0.023251354957722098
555	2.2374787153195408e-05	0.023256574630974476
556	1.542401638603575e-05	0.028475962701637124
557	2.2884221523737647e-05	0.030892824589420102
558	2.7255991236839472e-05	0.030755742916283045
559	1.2383629106965666e-05	0.020967656419679383
560	1.9350707167228864e-05	0.03193400306742706
561	1.4206788117775149e-05	0.02759444400436683
562	3.1022475627195956e-05	0.033976631303696006
563	1.4605005385366632e-05	0.019037102087900118
564	2.5116730490049033e-05	0.023905075932372077
565	9.170238076693094e-06	0.026871590659595733
566	2.0750019746045012e-05	0.03319252362845894
567	1.2691554814550643e-05	0.025170495946305185
568	1.3523412764242584e-05	0.01712118206401328
569	1.707838407283887e-05	0.026586026874002074
570	2.0679505651280405e-05	0.018364030973424407
571	1.7515551911775895e-05	0.017134472460231233
572	2.8923100163939786e-05	0.029915997434064815
573	1.8686935590497833e-05	0.026117312878013683
574	1.4989048526578563e-05	0.026224758054644345
575	2.7553825556518585e-05	0.023743201729764924
576	2.7308490426383725e-05	0.03772533455798355
577	1.5167745571427471e-05	0.042782046557743335
578	1.378771446616106e-05	0.02807639621925473
579	1.7644180144008037e-05	0.027429675240316295
580	1.8984219320700157e-05	0.018887565570880643
581	7.288424319804379e-06	0.023751010428157082
582	2.213264846814833e-05	0.029458431628993885
583	2.4104968456319098e-05	0.024753004287980676
584	3.171634635829729e-05	0.02559652222602929
585	1.3917764668497368e-05	0.01680869853290277
586	2.129150034684696e-05	0.03734604209379123
587	2.4647308415413904e-05	0.022526194980788936
588	3.165605492343182e-05	0.029340131486181795
589	1.498933303674399e-05	0.026647597328845935
590	1.2582824808801685e-05	0.021751148472651118
591	1.7303448665156873e-05	0.035208217643772764
592	1.520186510069188e-05	0.026650813222311234
593	1.914409501322517e-05	0.01948939170190967
594	1.8463262371336275e-05	0.023435081101529455
595	1.6127198867687403e-05	0.021910329643945493
596	1.73813376909554e-05	0.03375464692568593
597	1.5263464319247716e-05	0.04233379954898036
598	1.2351331245379071e-05	0.02955739708959205
599	2.1103102078222358e-05	0.021506928532561094
600	2.261603111496091e-05	0.02074174869029277
601	2.197676156640016e-05	0.022655265801548252
602	2.318027005533685e-05	0.021582361201617415
603	2.4851852300514232e-05	0.02974438735616941
604	1.9112545526903113e-05	0.025563812922069624
605	1.5382401065917872e-05	0.03382582885095715
606	2.0339346231322553e-05	0.023454294260060272
607	2.4292344535731085e-05	0.025775380398305677
608	2.3698846816203045e-05	0.022412652018209907
609	1.526185344885144e-05	0.037276143245918186
610	1.1201748060830907e-05	0.02277508218869468
611	2.0759669560041494e-05	0.036055885515175926
612	1.8567830287016807e-05	0.022493158799351168
613	1.21265261267961e-05	0.027397922440102918
614	2.241956505648346e-05	0.01808236905578955
615	2.6963090843615256e-05	0.015471093479353853
616	1.8724876307767147e-05	0.027563240703055554
617	1.250693854827796e-05	0.026649678271175235
618	1.7113188491242604e-05	0.035846711343314006
619	1.3530449104681708e-05	0.026659449580989505
620	1.572866637464254e-05	0.028675217017141374
621	2.8456807426704978e-05	0.023746553638041987
622	1.9700220412380287e-05	0.0322702036586269
623	2.4846733206684846e-05	0.019808104983054582
624	1.4312696464527375e-05	0.02841985721241734
625	2.376848041097529e-05	0.01425573130753214
626	1.8731164689450575e-05	0.029528079035913556
627	2.1475142111329615e-05	0.03519282254011931
628	1.0199522974985165e-05	0.026791042472685885
629	2.027084380412658e-05	0.02757338098092523
630	1.668655621910476e-05	0.03537360928749883
631	1.896221290077771e-05	0.02525637093092311
632	2.6245530133445216e-05	0.027315042607561145
633	1.9248060243337584e-05	0.03247253689693966
634	2.0169175089164958e-05	0.01933735900738677
635	2.1571002138717765e-05	0.014785102118624317
636	1.935096508560996e-05	0.03207502091123663
637	2.0960989986350265e-05	0.02910958086280449
638	1.579376971128088e-05	0.028408053741412656
639	1.7765312621043083e-05	0.02595247106257862
640	2.523587658515708e-05	0.025817396121255998
641	1.8104895426494794e-05	0.03862767200880872
642	2.1165212776418085e-05	0.017836428974400215
643	1.3148920847042e-05	0.02566485315273299
644	2.1556156488702904e-05	0.02157419964414141
645	1.9209219968743807e-05	0.0272909247679651
646	1.3382816064118341e-05	0.026776656955962173
647	1.8070734315298043e-05	0.024560832405709013
648	1.3647280739811918e-05	0.02819508694629789
649	1.984245166000015e-05	0.028250762108827224
650	2.5458571631400972e-05	0.025251661418583635
651	1.6874438685691995e-05	0.02723083688662683
652	1.8551917023077596e-05	0.029972623138448274
653	3.321406882582367e-05	0.025810898658661444
654	1.4538242580852678e-05	0.03077917058415195
655	1.8558036607226047e-05	0.022343468797421273
656	2.3142332620504358e-05	0.019136349354848675
657	1.549784375327965e-05	0.022821757525023877
658	2.1112177417924316e-05	0.025561243543901144
659	2.0134555001119492e-05	0.02859217615542327
660	1.1288334961528923e-05	0.02540521078590703
661	1.4766340680032186e-05	0.021657992139708444
662	1.455360646024969e-05	0.029667197137746956
663	1.6700460484846136e-05	0.029072761722900117
664	2.1912341869018137e-05	0.016553714826875034
665	2.5992792146461996e-05	0.03336302027445262
666	1.3926300294706678e-05	0.02389887940780172
667	1.6444868156176295e-05	0.04023316028392215
668	2.3819032076322078e-05	0.020945038674392354
669	1.822012238912596e-05	0.028845979908401438
670	2.996402380717189e-05	0.030027235068320793
671	1.4223323833606472e-05	0.026949665810590058
672	2.0168311601918842e-05	0.031999829292558804
673	2.390513967875929e-05	0.022517693718338574
674	1.3185950579181968e-05	0.024468070754134007
675	1.709809332799128e-05	0.032631411714971276
676	1.6509279394751747e-05	0.015939341966301
677	1.602944085296598e-05	0.03211627072856721
678	1.9419356715108527e-05	0.02993163072405361
679	2.1708556030744508e-05	0.023972061329817825
680	1.0289059729058636e-05	0.019758767279278402
681	2.278808992100395e-05	0.030413626225709575
682	2.5979591763390653e-05	0.024246154467587974
683	2.2212720431487656e-05	0.026737542262124613
684	1.9748278299154542e-05	0.028720276724940277
685	1.3629613163319843e-05	0.02156167169581818
686	2.3062694053999078e-05	0.031237200797223526
687	1.901167472577979e-05	0.022527825253867095
688	3.239973596674828e-05	0.015199660359094785
689	2.836312167867061e-05	0.03258704577292018
690	1.8046204693339396e-05	0.02409102446452031
691	1.667080440183842e-05	0.03172909081007515
692	1.8462190392365407e-05	0.021107689402042402
693	2.5159683802004895e-05	0.0283245662992863
694	1.7300741337045178e-05	0.03255350717781515
695	1.4549315641994298e-05	0.030103232292633064
696	3.123501158824871e-05	0.03644031821003119
697	1.6680031534953288e-05	0.02800764905820902
698	2.575475686617673e-05	0.014911302572377091
699	1.7776479178329557e-05	0.016865425742111105
700	2.0582635719371134e-05	0.020929726877805387
701	2.7483628993303644e-05	0.02735713483770163
702	2.2156899206527553e-05	0.023628327147444783
703	2.2339834869364306e-05	0.03147181254807016
704	2.0216476167803088e-05	0.020367795190594163
705	1.5264223518968167e-05	0.027188044276617133
706	3.0747842146197635e-05	0.035487969563759075
707	1.708128898593453e-05	0.020240026503684727
708	2.588176587151221e-05	0.0225905202941432
709	1.886805491477933e-05	0.02751542901450367
710	3.0009887794640866e-05	0.027577388736319108
711	1.564840232974596e-05	0.023947622214853644
712	1.8659760478455245e-05	0.02948792312856012
713	2.9466970793104452e-05	0.027797294925725635
714	2.202825351025478e-05	0.021148225430792804
715	1.946445663061208e-05	0.018466742713024377
716	1.836661584156754e-05	0.025074346040892884
717	2.027246590193682e-05	0.02083844682216509
718	1.5784235088044107e-05	0.018351879086830697
719	2.0039716942775454e-05	0.027491091724845887
720	2.5917883350191906e-05	0.022876504822345173
721	1.0546371636131757e-05	0.02901090292942588
722	1.2821033276572136e-05	0.026943161584886133
723	2.367130770553061e-05	0.023339892999101407
724	1.909182876286969e-05	0.025533073329661135
725	2.0894172779825637e-05	0.029326920215798025
726	1.7235238864890534e-05	0.03176648957545611
727	1.4204954865759678e-05	0.01985760665209857
728	2.3675199563463756e-05	0.03533900722919976
729	1.834071205036869e-05	0.017766272438490008
730	2.0052355517427567e-05	0.034796240791783624
731	2.440563748603436e-05	0.030599517324767594
732	1.5831624100078046e-05	0.02680496667763469
733	1.7263379268869783e-05	0.02434495292551309
734	2.1511615520594662e-05	0.0284678920789378
735	2.310049320630031e-05	0.03334345139172917
736	1.6716415299927213e-05	0.031016867773554675
737	2.3833164877154478e-05	0.024590289792991132
738	2.1881261530160012e-05	0.02074423518315207
739	1.5157582715835671e-05	0.020222476930541328
740	1.5038146899473692e-05	0.028101644874808845
741	1.1434567912749216e-05	0.023267403673313095
742	1.4886896268342942e-05	0.022190922327804084
743	2.5137378072234706e-05	0.02741924509974866
744	1.3772079662840997e-05	0.02466997295870522
745	2.0623037307210268e-05	0.025408299937908746
746	2.1553824613102304e-05	0.02779156630496745
747	1.218496937674396e-05	0.037753166547391345
748	1.6015225697857405e-05	0.027257853516145084
749	1.6187344584653318e-05	0.031728106082935026
750	1.5171803112206533e-05	0.025893262420158047
751	1.7852336620938214e-05	0.0345532975772758
752	1.7645920696036932e-05	0.023361977167965765
753	1.567004988455023e-05	0.022521908446418604
754	1.8326636521223683e-05	0.036121518809478705
755	2.4932814418350546e-05	0.03548441920887832
756	1.2218844599960754e-05	0.020810149343743978
757	1.5083207897573225e-05	0.017612640106235658
758	1.7900084208100076e-05	0.019837951547966345
759	2.2597874935234574e-05	0.026308774866286862
760	1.8261686557503876e-05	0.02910930771761217
761	2.2472697617140214e-05	0.0279614490062386
762	1.8829484957988418e-05	0.026695225567368523
763	1.7988939846148855e-05	0.021020282547376985
764	1.5338237228646606e-05	0.026919424709426855
765	2.474271627270208e-05	0.0224958695159388
766	2.043356085222256e-05	0.02842233710479304
767	2.0318929184942602e-05	0.02086768221679295
768	2.0334649070231914e-05	0.024944491276706726
769	1.901697349104836e-05	0.033310053144524565
770	2.8970305999236057e-05	0.028922426909360394
771	2.0145319515926796e-05	0.028359326701676152
772	2.2337875811061572e-05	0.02350689550873291
773	1.6086852738510238e-05	0.02751971773359624
774	1.5972009697585998e-05	0.026063284915653552
775	2.2852929624714302e-05	0.02865571218086469
776	2.7968975955555697e-05	0.022811185502812734
777	3.306037334763895e-05	0.034530312616222365
778	1.8442172058048822e-05	0.023103335239592813
779	1.7664336589881535e-05	0.02789081498194216
780	1.715839947138975e-05	0.02722066405580283
781	1.989831513801721e-05	0.02661808388549273
782	1.800282279425247e-05	0.022488197152400292
783	2.726629756538007e-05	0.03462941066029371
784	1.93705943996713e-05	0.023909568083446263
785	3.2561545591211494e-05	0.028204963679619117
786	2.1178651567241302e-05	0.03733343606214914
787	2.0136562830577742e-05	0.026706177601839524
788	2.3225324613102005e-05	0.04318791149724288
789	2.1052582662113573e-05	0.03446955303610498
790	1.4589152675083261e-05	0.02417583984503211
791	2.6354954302712508e-05	0.023149773549839183
792	2.288011397233447e-05	0.031176888849983535
793	2.4182658903734722e-05	0.0302496130745419
794	1.6395062229550283e-05	0.030299181752008575
795	1.8366418623197434e-05	0.029445663266632713
796	1.2000378614866747e-05	0.027161411748073162
797	1.668550586486628e-05	0.02469495874995317
798	1.681776422543524e-05	0.02787248031440006
799	2.126047716598245e-05	0.03603751641500774
800	1.0858363277718545e-05	0.01958485950762264
801	1.9252690140331152e-05	0.02504611462173757
802	1.5315401439126852e-05	0.031986263346678076
803	1.3584513900079254e-05	0.03229763607866067
804	1.489417131579629e-05	0.016027340213303577
805	2.1588253589123994e-05	0.030612386054924612
806	2.1812240265303706e-05	0.022970736400970387
807	1.7992899140256702e-05	0.03151122956312696
808	1.7037686904447513e-05	0.037225490867437996
809	2.755723877740507e-05	0.029723082236317012
810	1.8797559888440382e-05	0.03686898554723785
811	2.2377055608910346e-05	0.018772206498184323
812	1.9197244170002237e-05	0.021516480334169447
813	2.2447395769925604e-05	0.024259167544253207
814	1.2792803149391796e-05	0.02651144960272755
815	1.81328583517687e-05	0.03420603833270018
816	1.737267760848482e-05	0.026586893166417686
817	1.639826398994182e-05	0.02337139654927811
818	2.6717051179375728e-05	0.03765491556464269
819	1.6791277165702223e-05	0.02870480184052881
820	1.7076601802452906e-05	0.024834923886036156
821	1.3900266385057092e-05	0.02131767535316822
822	1.1871798599788833e-05	0.03453770235909842
823	1.6110916291486865e-05	0.02863781795781844
824	1.4064987371012472e-05	0.021427213464563163
825	2.1779189017454015e-05	0.017166851987234978
826	2.1898545777061795e-05	0.033677708045679
827	8.970017839948774e-06	0.0318046333224129
828	1.4149088934429024e-05	0.022333415274278998
829	1.814255281198246e-05	0.017085858908304163
830	2.719460529737594e-05	0.025190831384293837
831	2.2498924128533382e-05	0.02572489329590818
832	9.203066134097493e-06	0.017254316717187204
833	2.1027128291883912e-05	0.02718090672529923
834	1.8617273383085553e-05	0.024604112596582864
835	1.5065903517439555e-05	0.015024337462291197
836	1.4222572435156067e-05	0.027409247259154737
837	1.3362904199162862e-05	0.03163324488729895
838	2.396636395914087e-05	0.03595500858037208
839	1.9865775335220492e-05	0.029221621254318868
840	2.1607400796999632e-05	0.01649020883263278
841	1.135372057935874e-05	0.026851758200563517
842	1.7068466841158036e-05	0.02293631046130601
843	2.1922056924500444e-05	0.03437531256790738
844	9.369481238981348e-06	0.01915187045343949
845	1.567587152568467e-05	0.02389282504857561
846	1.3681033072900084e-05	0.02999624437524523
847	2.9811119296313526e-05	0.025296085264657278
848	1.3773948635990851e-05	0.037270990887030925
849	1.4206316227796667e-05	0.028630911450704014
850	1.789823766954607e-05	0.02367810253755203
851	2.1944918558544635e-05	0.03252380620543034
852	3.406937936606402e-05	0.02547702248296045
853	3.101090510704285e-05	0.033406932229892675
854	1.909042668062598e-05	0.026225793899527398
855	2.0266129804102917e-05	0.023447787758742004
856	2.0670008973299944e-05	0.03646272997863549
857	1.7791174256216735e-05	0.025978970140985776
858	1.870589770900516e-05	0.01466246476541335
859	3.0155240883303347e-05	0.031040168886262685
860	2.343016793208974e-05	0.027026341793419034
861	2.5379527690154446e-05	0.024653908480759525
862	1.5093603712865167e-05	0.025397694961107244
863	1.2040183503585211e-05	0.029024828569581433
864	2.029577140625835e-05	0.026690790046031452
865	1.7287194818187135e-05	0.017284061253845774
866	1.9173562031704963e-05	0.028779435447366518
867	2.0720957924505456e-05	0.02915510620771916
868	1.1846626214402634e-05	0.021715749246458402
869	1.748290526101294e-05	0.0311529818967054
870	2.628242216796972e-05	0.026738163908130694
871	2.047250948093715e-05	0.020658661545981477
872	2.3304582938928065e-05	0.029050339362659792
873	2.465967695346183e-05	0.02513231742732376
874	2.878676089838189e-05	0.03275849719917366
875	2.3409672390825587e-05	0.03532366706933344
876	2.227298595772892e-05	0.030646592933841383
877	1.4163401720258817e-05	0.02773811188543152
878	1.573587511176193e-05	0.029313752485669763
879	2.3670877583337538e-05	0.026218741835194268
880	1.82619498854536e-05	0.038491900685559285
881	1.5233157020745278e-05	0.032667685474404386
882	1.76997584714067e-05	0.03186981308153092
883	2.555013045394544e-05	0.02487177042621322
884	1.645536868399855e-05	0.02995815885175427
885	1.9214758926487663e-05	0.022457135317980506
886	1.8077573662504676e-05	0.0318183079219642
887	1.721108530550186e-05	0.02052790562850821
888	1.3446980395077912e-05	0.02984975081054828
889	2.1148266084403122e-05	0.03713901569982498
890	2.2015391954732788e-05	0.025387741382489552
891	3.1586553707232956e-05	0.022315133944886184
892	1.6058541098578488e-05	0.026689883488763867
893	2.0590050530983062e-05	0.030399878118869447
894	1.5612811382681446e-05	0.03125837655518755
895	1.0349518681781328e-05	0.029493904344160264
896	1.5795567909170083e-05	0.037505331150569324
897	2.9434146687089616e-05	0.03158375502234616
898	1.6769080487373522e-05	0.032622552095917336
899	2.3328523938105986e-05	0.024241927014342628
900	1.9250248512854562e-05	0.030798027966758845
901	2.041447148741493e-05	0.02909907589803031
902	1.9228091009862447e-05	0.023767102118994736
903	1.7074868242691887e-05	0.027309334278334582
904	1.620901837491584e-05	0.021409777699028777
905	1.6759816351574752e-05	0.038898903597919546
906	1.9401815203649864e-05	0.022685613751603863
907	1.7045510731492075e-05	0.02512771728531067
908	1.769195417470476e-05	0.027426730166848785
909	1.6246683297568842e-05	0.031409346135375646
910	2.1313672405195994e-05	0.020110767894769635
911	2.1302656194488456e-05	0.028057559931454604
912	1.7491941649586118e-05	0.02710537478831034
913	1.6526711509610992e-05	0.023073928717591487
914	1.5133262886803112e-05	0.027319256368641645
915	2.017022839768262e-05	0.021586849276710385
916	1.4312894500441431e-05	0.027924804338253555
917	1.897404952026782e-05	0.03117351760848903
918	2.04234300007905e-05	0.02642752060745928
919	1.8075534988760966e-05	0.02566365596791471
920	1.5102551545576048e-05	0.01928995797511525
921	1.897709334343356e-05	0.030255296907116272
922	1.956985533119182e-05	0.026932519538473462
923	1.9686953032199694e-05	0.0249482628402408
924	1.093636234206219e-05	0.023484471850266322
925	2.178028513166036e-05	0.030703388258032704
926	1.945222358714499e-05	0.03866956830539022
927	2.660491989599223e-05	0.02607317745313173
928	2.1576019965482973e-05	0.030481764054683832
929	9.991198425617076e-06	0.019431761540192896
930	1.762415746374424e-05	0.023033920186000853
931	1.2578472442757727e-05	0.024358780810952434
932	1.9647725935149907e-05	0.029274570749834965
933	1.7069806423221368e-05	0.025803528430171183
934	1.856061452443908e-05	0.03123947737692886
935	1.8665471963941194e-05	0.026437311005025887
936	2.562828412860929e-05	0.025937034128330115
937	2.1916071447782015e-05	0.03664471289707373
938	1.631655495324541e-05	0.029950962643022713
939	2.2288872954355152e-05	0.0369821093859797
940	1.7049094606787565e-05	0.025418067167244485
941	2.1523440482569545e-05	0.022337088172055066
942	1.539764666080856e-05	0.031272133003556975
943	1.976110823467131e-05	0.023300974505988864
944	1.731077565840511e-05	0.025486564529773
945	2.64790381032734e-05	0.031215049417877963
946	2.2200493774729435e-05	0.0329592823989486
947	1.665927565071973e-05	0.030139531275118533
948	2.42331029044196e-05	0.032560495392949355
949	2.2612525321361043e-05	0.027894027371271432
950	1.3441267239247545e-05	0.030005483235337364
951	1.9955705436634774e-05	0.026808921279118453
952	2.3374588981314726e-05	0.014047615162887375
953	2.110450036141992e-05	0.02451531528186146
954	1.5534890640392374e-05	0.02396749619721674
955	1.9432438361263737e-05	0.016182609524707958
956	1.767729624354425e-05	0.02383636537955345
957	2.49585048097134e-05	0.01868226330479955
958	1.7289385044028105e-05	0.0252409926474995
959	1.94570236826605e-05	0.03222915608290085
960	2.4411307356926593e-05	0.027431488902221565
961	1.929083498097839e-05	0.03149482953895445
962	2.4036459325513237e-05	0.024448678396777168
963	2.3316684624005712e-05	0.02700073463118116
964	9.786417921153756e-06	0.025234379174574717
965	1.389368488179197e-05	0.031887619600955736
966	1.7734532247196122e-05	0.027162406430083937
967	1.4769571020846473e-05	0.022944805229449427
968	1.81426478095964e-05	0.025154076926670797
969	1.9941449924072707e-05	0.025349154900660607
970	1.615056167736384e-05	0.02610575228112758
971	1.5598347076324626e-05	0.03290800274379148
972	1.150586824489458e-05	0.020287226804146633
973	2.2048710766560398e-05	0.024193932995470197
974	1.960935513890122e-05	0.027522395158577836
975	1.935781629913702e-05	0.028355381797211032
976	2.0158396500699616e-05	0.027355422917603643
977	1.978243896658821e-05	0.03757840019827506
978	1.9709109298292338e-05	0.02833077093451846
979	1.9905820188778622e-05	0.031152464919010428
980	1.6049352181760068e-05	0.015450848816909786
981	1.256346440358519e-05	0.028806753030447073
982	2.8347118727900522e-05	0.02360702575710901
983	2.613759046008607e-05	0.02100744950460696
984	2.4508492177013896e-05	0.02935637005343811
985	8.603717960790902e-06	0.022539778005578354
986	1.3892396636211446e-05	0.03354531058441962
987	2.295112513384795e-05	0.02082418141528151
988	1.5171421063581159e-05	0.023603651196808628
989	1.48597146780588e-05	0.027512417487635717
990	1.6260200872350583e-05	0.02566028266518778
991	2.512489389572964e-05	0.033817688222739936
992	2.424721903279692e-05	0.016277905872461598
993	2.002722436000859e-05	0.016909576302117982
994	2.7582289928065884e-05	0.0167630192792567
995	1.4639660980197977e-05	0.027786771954313866
996	1.5207708978018375e-05	0.03162105538598026
997	1.916279499260265e-05	0.03226343652433894
998	1.7937932638392717e-05	0.027643172069907143
999	1.7917698093755652e-05	0.024212931762689578
