draw	global_moran_section_median_abs_delta	mask_moran_section_median_abs_delta
1	2.2960688664031004e-05	0.040312826801352036
2	2.022708284121766e-05	0.038686146749112305
3	2.1570871295353844e-05	0.040052091818517224
4	2.4490555822848092e-05	0.03447159395817631
5	2.8897407359951277e-05	0.023520678451337762
6	1.555980914767774e-05	0.03825220477289809
7	1.2177701310608913e-05	0.03945175015873875
8	2.071153034538531e-05	0.042101032835792196
9	1.9220666749357462e-05	0.03997964323615838
10	1.4829017725648264e-05	0.03453728825941199
11	3.2039658764970724e-05	0.028945659592686662
12	2.229653215299332e-05	0.02809496074060569
13	1.9954871540606156e-05	0.0494374939678002
14	1.1528745979649813e-05	0.03927788291491127
15	2.7929018451583465e-05	0.04275142146595125
16	2.691107100638579e-05	0.038389611011985236
17	3.4618430750088525e-05	0.04029533122442332
18	1.6370279051602932e-05	0.032216533142868896
19	2.6141759285738808e-05	0.03207777082843152
20	2.0438029401770308e-05	0.031812799332571806
21	2.4576062753384198e-05	0.03958644181281297
22	1.338688924147624e-05	0.024439443163309066
23	2.6220178934846516e-05	0.04196597170622496
24	1.8827939961496565e-05	0.028501342755437878
25	1.4282537180693167e-05	0.03555620471196319
26	1.906593067027562e-05	0.035411443455614505
27	2.5151047573696017e-05	0.03783135082430367
28	1.6104846177820813e-05	0.027921447805624954
29	2.088776127991132e-05	0.046421392647698456
30	2.8181284271316942e-05	0.028434813996426056
31	2.358353726150675e-05	0.03597554646810247
32	1.844914386334162e-05	0.03305216207452266
33	2.1597565239506178e-05	0.03276304007793468
34	1.9702052475423226e-05	0.03542926253992762
35	2.9115589759001748e-05	0.03619891435890249
36	2.6577183976028707e-05	0.03155378599540054
37	2.5027265690868994e-05	0.03910147349061863
38	1.969703940696288e-05	0.037264879244340854
39	2.0276620220777142e-05	0.02563756343976381
40	1.3915783582008068e-05	0.035361770455876684
41	1.9429009324500868e-05	0.03862099912453504
42	2.048486195938004e-05	0.034836952404095456
43	1.824650289919405e-05	0.03850123996022353
44	2.478293979604751e-05	0.02464420638776342
45	2.3864424150310537e-05	0.03090704223124008
46	1.2494598990886452e-05	0.037325387278985156
47	1.8042753087296748e-05	0.030822682166411347
48	1.896057292839065e-05	0.03660979317035348
49	2.7323243589283397e-05	0.0377492172482537
50	2.552593755750232e-05	0.03449758930962425
51	1.976201250597498e-05	0.04089677118940485
52	2.8257514026658326e-05	0.033654633172695764
53	2.7203646034923423e-05	0.03502735011020541
54	2.013592382019147e-05	0.04353910538370906
55	2.9827485416383803e-05	0.028826105938238825
56	2.291229470349765e-05	0.03516415126395289
57	2.4975112684122447e-05	0.029149481393176968
58	1.1293830453312781e-05	0.03504075296304332
59	1.6231640848352047e-05	0.03286363462757616
60	1.3610822460513594e-05	0.032798636107898266
61	1.719044317091689e-05	0.03628382133581379
62	1.6525876537901163e-05	0.027468170506171743
63	1.569604739876107e-05	0.03111563028534764
64	2.5946374461282944e-05	0.03029651222793492
65	2.148179964805985e-05	0.0393680140787951
66	1.5912628222952696e-05	0.04465640421479723
67	2.4565393982350914e-05	0.027602204059107432
68	1.9853796873997576e-05	0.03253211958417397
69	2.487264815891066e-05	0.03519328698759855
70	1.7921550657329366e-05	0.03895826643029354
71	2.3344807997482953e-05	0.03327420696290939
72	2.885245771880318e-05	0.039030476194632124
73	2.365602867371308e-05	0.026221121551860793
74	2.1148514367103077e-05	0.04907857120560036
75	1.6714112725330077e-05	0.0375681220078965
76	3.240563978465505e-05	0.03011433681121807
77	2.030680812875607e-05	0.0337276481954782
78	2.1354669465872833e-05	0.03907279124783637
79	1.5736881567141037e-05	0.046383483247577906
80	2.2818616110087397e-05	0.034747274182521104
81	1.734513940859772e-05	0.022277259234882024
82	2.320843512901294e-05	0.03473391317062141
83	2.0907613751355858e-05	0.045580778580965875
84	2.7943152483903e-05	0.038374713039957556
85	2.1516758727135876e-05	0.03138199256483645
86	2.1809599476840802e-05	0.04797755123370885
87	2.198245797666032e-05	0.03691569202270478
88	1.943587238134592e-05	0.03592203257746729
89	2.0671757835211135e-05	0.03145296070608446
90	2.062569656371971e-05	0.03833479421510712
91	1.4860995623144913e-05	0.03915313572020144
92	2.963068233149957e-05	0.028839050600076827
93	2.7331019096410447e-05	0.04192994079880108
94	2.772671853878972e-05	0.031126529811248277
95	2.7021296992391086e-05	0.029530719947911233
96	2.5165749796940418e-05	0.03826031497179089
97	2.6946610430499465e-05	0.03381494363552377
98	3.0581547497104955e-05	0.033379795178821975
99	1.4693474261667783e-05	0.03601182733153041
100	1.8564799957654365e-05	0.03865144822737167
101	1.961721396875893e-05	0.03651719343940529
102	2.2317664838983342e-05	0.034691252361574235
103	3.065844007135721e-05	0.030117828798215784
104	2.1621613320976785e-05	0.017598469820128873
105	1.7717809734085765e-05	0.0348682260599143
106	1.8887139844742107e-05	0.0338377986283126
107	2.064669576634648e-05	0.02391007150177396
108	2.415392837615271e-05	0.029172232639296025
109	2.851722380498023e-05	0.037001885700289616
110	2.1559073937957307e-05	0.0265403925797639
111	1.8946769165140154e-05	0.03770437123863422
112	2.103786440560418e-05	0.03197023009600125
113	2.719048519200795e-05	0.032652439597674915
114	2.1099709632821373e-05	0.03542502155537339
115	2.495131294441566e-05	0.024919063503629824
116	2.7516977749920957e-05	0.03672167703498014
117	1.620550667996712e-05	0.03769528389642862
118	1.64868590995515e-05	0.040750982825239424
119	1.6067918981260698e-05	0.026382914797779905
120	2.4519377581466717e-05	0.02900685969017658
121	1.4421348188908834e-05	0.029154688843981286
122	2.701904450946868e-05	0.023746180945562773
123	2.7044868409278888e-05	0.025173286168400894
124	2.164330714199414e-05	0.03578503579031389
125	2.3969622190922468e-05	0.03481413365966289
126	1.954167241727256e-05	0.04087373681126913
127	2.4688636304323608e-05	0.03556117365810796
128	2.8203036763374545e-05	0.03755178575202977
129	2.2299869944786277e-05	0.031174876967474757
130	2.4035026266105985e-05	0.019020951867291525
131	1.9794804758110907e-05	0.032977571472094236
132	2.7592547764909714e-05	0.035195097107500295
133	3.1689507083598745e-05	0.03868978445981949
134	1.688327733873063e-05	0.02685266732833022
135	2.1368972808466502e-05	0.0411358862587643
136	2.5306187457579954e-05	0.032182201386453585
137	1.783256079407325e-05	0.02716553956056963
138	2.3421515955801553e-05	0.03716813702089805
139	2.1476298563673224e-05	0.032011216002935494
140	1.3075298895692464e-05	0.036578546791012356
141	2.325948380513254e-05	0.04259361760478009
142	2.2854196664562343e-05	0.0324696847139182
143	1.9297336480816885e-05	0.04344484934647448
144	1.6479470118291317e-05	0.035581958403813715
145	3.155920848151028e-05	0.04005183613758155
146	1.9589971350875146e-05	0.030781337721036583
147	1.9984539716133565e-05	0.03648786616771313
148	1.9208840334017374e-05	0.025578550010884334
149	1.9938130235930274e-05	0.03313672892650524
150	1.4262400575240641e-05	0.03209662906105429
151	2.447509667746761e-05	0.031225616898133524
152	2.0039941777821868e-05	0.03743112088588266
153	2.48531551213238e-05	0.033556224852017424
154	2.2886573509933728e-05	0.0325414079507812
155	1.7643733539129958e-05	0.04751109376479462
156	3.063268479433501e-05	0.03465864934090966
157	2.0427561885472123e-05	0.033753014810305904
158	2.6376895740087836e-05	0.037583789946453006
159	2.451520682988928e-05	0.03962625546314952
160	2.264765571179106e-05	0.03094816158925584
161	2.709777352166709e-05	0.03802387885358555
162	2.0111008854128976e-05	0.033020508225557785
163	1.662642178480722e-05	0.03200490227202313
164	2.6894107386377097e-05	0.03384383541894476
165	3.169799831043152e-05	0.02979378673407279
166	2.12771168068282e-05	0.035743229778885555
167	1.7509844500135374e-05	0.04092287984251233
168	1.737246522143243e-05	0.043704066240258625
169	2.1126245789343523e-05	0.041941037333576986
170	1.9707193192886052e-05	0.038711128187169444
171	2.1538224976302978e-05	0.02642108911225802
172	2.0182426674522636e-05	0.04105760158224592
173	8.88992941619482e-06	0.031477946135136936
174	1.8776623400829084e-05	0.030011294967538266
175	2.074044049063528e-05	0.03863456083608029
176	1.2925942073555019e-05	0.03453629150126397
177	2.1252555174822163e-05	0.03234236329662338
178	1.3772723096272532e-05	0.038706468529687836
179	1.5205402479262498e-05	0.0372627968160692
180	1.2446042219609044e-05	0.0368093772315235
181	2.5839565348129145e-05	0.029433731061336593
182	2.307540806043007e-05	0.043170231720442584
183	1.810380830853664e-05	0.03362100264652118
184	3.121936793523683e-05	0.04435909783257064
185	2.8637903900563533e-05	0.040041946765237424
186	1.3974102550023959e-05	0.04511288781448697
187	2.4982429316089405e-05	0.03901481447493276
188	2.6286869341016206e-05	0.027534944573592818
189	7.421999511869615e-06	0.023864076355907732
190	2.230083067400468e-05	0.03175346563535089
191	1.7355716772360363e-05	0.027268560386118513
192	1.5183586021372264e-05	0.02354786719897123
193	1.5298242650840788e-05	0.031182843669760235
194	2.748760577567233e-05	0.041611877312360046
195	2.2872576178056825e-05	0.03255868640936882
196	2.5446248615446088e-05	0.03136196381787383
197	1.9112198890808285e-05	0.040287011379230325
198	2.290138873001224e-05	0.03603805249281289
199	1.7793538534482956e-05	0.03818035621899929
200	2.0612809306291835e-05	0.022453762804020144
201	1.9905255384589093e-05	0.03858756854209468
202	2.6590484691446648e-05	0.038707368276240134
203	2.787554656671909e-05	0.04851449146739348
204	2.2209060610470233e-05	0.024362776032239103
205	1.9136032467476083e-05	0.032365843800128594
206	2.5423724797191127e-05	0.0323150365377049
207	1.8382617410217517e-05	0.0267201396358544
208	2.292938669506972e-05	0.037314110957535035
209	2.8825025644510505e-05	0.032144994990474296
210	2.508994334877307e-05	0.04404901625990176
211	3.68014337330802e-05	0.03345643914451127
212	2.4061158522048487e-05	0.044710969944518064
213	2.2774039328411766e-05	0.037754672650943455
214	1.7803457643628118e-05	0.034945164875193
215	1.959118220196121e-05	0.02195307216253653
216	2.168298281793324e-05	0.030109143883045475
217	1.991007763285646e-05	0.03218822193938399
218	3.002560219672601e-05	0.03477615592418007
219	1.593795114246399e-05	0.02816463632573099
220	2.48166581032494e-05	0.03236120489065966
221	2.0292090676887753e-05	0.038613853649811264
222	1.4624567196724891e-05	0.04296090860095986
223	1.8371033523811864e-05	0.03657534804900134
224	1.865825532954002e-05	0.03319381844910854
225	2.2138833543572378e-05	0.04394088064803771
226	1.7431262835723715e-05	0.03324543048316042
227	1.9452785431667285e-05	0.029686377748609577
228	1.1078492244208371e-05	0.0410506681795938
229	3.002489141452902e-05	0.03448159493156491
230	1.982040659936901e-05	0.03274972902765508
231	2.362757465818044e-05	0.04568947583696041
232	1.7871494185361936e-05	0.03211809096735746
233	1.9772577730337026e-05	0.039568918925742824
234	2.36328270031283e-05	0.03558576631367642
235	2.6890716810154536e-05	0.029783409497388506
236	2.686357711467746e-05	0.029487004348061507
237	2.3215193466485928e-05	0.026836339298090817
238	1.923680379997683e-05	0.03981271006098955
239	3.006090140961204e-05	0.029248476102237353
240	2.219641796580296e-05	0.032956487233299886
241	2.89129757610751e-05	0.03085793599775949
242	2.095349104630495e-05	0.03590507463357179
243	1.9839756584941193e-05	0.03625711703288148
244	2.3264550945811813e-05	0.03467204958126599
245	1.9628171444463494e-05	0.03520679792606209
246	2.8917352717483524e-05	0.04035143601449698
247	3.129268322105139e-05	0.03595710457690768
248	2.4361771693820478e-05	0.034233921399330985
249	2.6385618662194688e-05	0.029229887854043346
250	1.7724126578633204e-05	0.02934398803265606
251	1.431949097210894e-05	0.03661476961844723
252	1.96237046726222e-05	0.035061218957049
253	2.6184304501575273e-05	0.0329767321613135
254	2.9037001475246127e-05	0.030472225633798505
255	1.450890231147195e-05	0.03741509677474464
256	2.145009886372895e-05	0.030917832647226688
257	2.6358387784197745e-05	0.033372424592557154
258	2.7260705513232342e-05	0.039591063510448776
259	2.353322879261599e-05	0.0347250224917236
260	1.1686740684413444e-05	0.038487820184474913
261	2.336051194512523e-05	0.025292290579862625
262	2.1531424866494397e-05	0.03593487760775002
263	2.4015822009865184e-05	0.032886865238397886
264	2.552714485472979e-05	0.03244530833042483
265	3.072597431313939e-05	0.027667576803263705
266	2.2605356683774724e-05	0.0369849472959802
267	2.2267452025895307e-05	0.03734531371423988
268	2.6285421073080073e-05	0.03197829615292172
269	2.7702390017231293e-05	0.04287340997594394
270	2.07579320902207e-05	0.027412591666936575
271	2.652288629112487e-05	0.042150320831474894
272	1.9155360524769627e-05	0.038472647802671726
273	1.9463527043260542e-05	0.03964859634407908
274	2.532315418761477e-05	0.030808622169584896
275	1.606417227564827e-05	0.03766163306415288
276	1.9454609575392245e-05	0.048712570722573845
277	2.122982580687882e-05	0.04233464596811827
278	2.724778738416589e-05	0.03254319059636743
279	1.2141546386457147e-05	0.03493200439507585
280	1.7147603648542953e-05	0.03862624324120528
281	1.5873275776179252e-05	0.042133514311984144
282	1.572680193626108e-05	0.04571607234807404
283	2.1592634497219487e-05	0.028424479508184913
284	2.5210302836246867e-05	0.0363333095536504
285	1.5993154113408403e-05	0.03796111720503037
286	2.2252825615520777e-05	0.031406529539038774
287	1.691786881768964e-05	0.0328349007336296
288	2.120844071230865e-05	0.040127349335164916
289	2.3605628455325434e-05	0.04408231681845304
290	2.04765060529688e-05	0.03472979433692211
291	2.5631549289056865e-05	0.042361274394680404
292	1.97027755566106e-05	0.045019262589589076
293	2.9991271420060084e-05	0.039490245382608605
294	2.0235072336366455e-05	0.039781503462193085
295	1.747079019975839e-05	0.03813491456664775
296	2.1968315015788442e-05	0.03807182549589749
297	2.095861067058502e-05	0.031723324493606986
298	1.4296279977010773e-05	0.03799022446625533
299	1.475061603106731e-05	0.02825305762232319
300	1.6957530985184377e-05	0.032307016377511655
301	1.5089342520147042e-05	0.020400947161734573
302	3.0272969897271462e-05	0.03776332840414942
303	2.9273740431406958e-05	0.02414505719270371
304	2.1430376923037286e-05	0.03244660851131276
305	1.7083458075106694e-05	0.02655032358456065
306	2.230096437744189e-05	0.03350462150631882
307	1.531105786384268e-05	0.027870163255489674
308	2.231445829792289e-05	0.04456408065779294
309	1.85104545136483e-05	0.037582044284166866
310	2.5631487374722095e-05	0.032826293518630284
311	2.047707414595812e-05	0.04074578313900143
312	1.973247129477551e-05	0.04209614868132035
313	2.3143295577926493e-05	0.0278981754722301
314	2.080877052490493e-05	0.03323287142477657
315	2.9394118107928247e-05	0.028704402237159143
316	1.9428698351198204e-05	0.03043292774589286
317	2.4844187423933572e-05	0.036931096900615246
318	1.5018321999349382e-05	0.034019586355220593
319	1.880088069003416e-05	0.03526484792779637
320	2.5907595960744656e-05	0.030737108813681357
321	2.291936037657205e-05	0.03578626904563861
322	2.742014115139635e-05	0.028734737214243064
323	1.5058204211548798e-05	0.037029513041800466
324	1.947236362495608e-05	0.039302942703235866
325	1.4821681969895417e-05	0.03684348690276189
326	1.964949597280108e-05	0.039640072927824274
327	1.6172453862567382e-05	0.031075441745076177
328	2.7342133795349444e-05	0.03679829530920556
329	2.7368253482318305e-05	0.04065678155157193
330	1.9305159781934922e-05	0.04160863924653195
331	2.9014063937168877e-05	0.04439025847374661
332	1.892108378265256e-05	0.022240318486105803
333	1.728162804504052e-05	0.029523207946636057
334	2.5345049867439573e-05	0.0295183934976182
335	2.8712304575545522e-05	0.03319722864788838
336	2.13998379124114e-05	0.02956272243133891
337	1.7362403454790343e-05	0.030229461337967778
338	1.4191234785437823e-05	0.03369126383769365
339	1.117390899291193e-05	0.03761002707094896
340	1.2123481214702803e-05	0.048879660243202075
341	2.051026612656659e-05	0.04102581313542972
342	2.0682228268842362e-05	0.034585341497665054
343	2.0912238096471025e-05	0.025822629171547817
344	3.2404702217742054e-05	0.031113250800898384
345	1.3166526653118904e-05	0.030624906866425786
346	2.291069892526587e-05	0.03729865575080002
347	1.6650292822995016e-05	0.030628437959016527
348	1.8216843013264816e-05	0.03465582940683018
349	2.3411938254669362e-05	0.03186545287746129
350	2.1002092481015033e-05	0.028813844848074838
351	2.357208997227911e-05	0.027981570572118475
352	2.1833183615149743e-05	0.04957919937553068
353	2.2754005785718956e-05	0.02698448360419532
354	1.714123189378719e-05	0.033202846860995894
355	1.651311165662417e-05	0.04442639499312312
356	2.1756523510829684e-05	0.02545962417977915
357	2.5036937499250955e-05	0.03851967710480925
358	2.022508403848322e-05	0.0318571993332451
359	2.890294936597204e-05	0.04048366256463434
360	1.837733384732476e-05	0.04495902262614981
361	2.8527589936405695e-05	0.04075221312598801
362	1.792901843239436e-05	0.040028088173730964
363	3.56353111918839e-05	0.022288912306097752
364	2.1359157238276527e-05	0.02941144339615699
365	1.9844793985757114e-05	0.03209476543664949
366	1.3441697226723726e-05	0.03606233682963693
367	1.732916983215871e-05	0.035131827772690305
368	2.465889392921916e-05	0.042777004054340054
369	2.611368899627098e-05	0.03355002418168734
370	1.2627289261074592e-05	0.04071768105098306
371	2.5125892620589396e-05	0.0404031556551912
372	2.979367213240547e-05	0.03929756850244576
373	1.4829943124239353e-05	0.04053619510124709
374	2.2130360807323668e-05	0.03277049229946244
375	3.06472880929054e-05	0.02319370621124625
376	1.911833996587342e-05	0.04305639522830833
377	1.9847240542950062e-05	0.03815606255329032
378	2.0199845500751268e-05	0.02771963802539562
379	2.4005153746703423e-05	0.05035936930236762
380	1.9866668687418265e-05	0.04311542118314707
381	1.489621693698262e-05	0.03584951635572606
382	1.7099017323107812e-05	0.02589166269176542
383	2.454405565965878e-05	0.03326344529191404
384	1.4995898491992898e-05	0.033522820478368145
385	2.7980739502386776e-05	0.027182053564007852
386	2.7875683335093493e-05	0.03639098731563181
387	2.2679039101219933e-05	0.04954827414881785
388	1.644015210446048e-05	0.033562180793418855
389	2.6189216059457898e-05	0.04384031270405614
390	1.8356009201879464e-05	0.03396192583919748
391	9.145553268308237e-06	0.03862452746844726
392	1.5286542004611103e-05	0.035356177758005966
393	1.9200461137638958e-05	0.03941252125380451
394	3.041718536167526e-05	0.0312889087358571
395	1.7560830624860357e-05	0.04131884229205274
396	1.4614149163774681e-05	0.037922746168437965
397	2.4654173253091383e-05	0.04016110381187275
398	1.801886285998644e-05	0.03163065020642116
399	1.9716595265201198e-05	0.036667307612691324
400	2.5267466311651443e-05	0.044598188017554774
401	1.3069924208831962e-05	0.023982108879247566
402	1.868497058518659e-05	0.028770035613103595
403	2.8062318548183196e-05	0.034207133614621715
404	1.9006439637092587e-05	0.039249128663508284
405	2.1982338600734508e-05	0.03453878426112875
406	2.4148115974481632e-05	0.04087407726588818
407	1.7669653576316002e-05	0.026718005781864007
408	2.4033747676843742e-05	0.0375452433011183
409	2.1846715476531164e-05	0.04456915344494394
410	2.382266694048174e-05	0.03260119521639872
411	3.0267871011069314e-05	0.02405893584695966
412	2.762414744313102e-05	0.03731203906579675
413	3.0252766130861586e-05	0.031242283265742243
414	2.3928587734090012e-05	0.03454416875021704
415	2.5515731912506556e-05	0.026861268437995876
416	1.7974022973127335e-05	0.04052649166144373
417	1.4469809300310388e-05	0.03610362833772442
418	2.706305941668763e-05	0.049346682080763205
419	2.8345721889116993e-05	0.040153914611373784
420	2.9771445694326548e-05	0.03563331513546311
421	2.9068075222210554e-05	0.03952938566022926
422	1.4493505662627193e-05	0.028452451937343623
423	2.7150758766469885e-05	0.03325674691169889
424	2.3405285432320788e-05	0.029258466478335056
425	2.079894978916641e-05	0.030108160677878703
426	2.3075845478309764e-05	0.038598299071733455
427	2.1254286112298848e-05	0.0318153373242579
428	1.672066330236921e-05	0.027734970711622814
429	1.894712536347487e-05	0.029230843063364292
430	1.157077391851502e-05	0.04332696600559782
431	1.5234180550514898e-05	0.040848564787870856
432	2.9510396634402358e-05	0.043320265533594096
433	2.3934477681536448e-05	0.034898753475331334
434	2.2143711176078607e-05	0.03991200559183089
435	1.9323905399493135e-05	0.03569040001177193
436	2.4500407115768397e-05	0.03581082331934193
437	2.062735601385257e-05	0.0337027397767683
438	1.9985812673040115e-05	0.026585401659794478
439	1.9898320663375157e-05	0.034083181242366534
440	2.257606863134698e-05	0.0409151840179274
441	3.071849523886283e-05	0.027753362831233568
442	2.384822044615431e-05	0.03237611816365657
443	2.1182268502062396e-05	0.03896061545435839
444	2.0044016304829326e-05	0.03974576150378503
445	2.7429792968824973e-05	0.041381222030303366
446	2.258126302047414e-05	0.0358019172116566
447	3.187851116902285e-05	0.03656901124713327
448	2.708401594975207e-05	0.02883658099610331
449	2.4265524787264736e-05	0.03853554072964516
450	1.6279278372360872e-05	0.03205371381213604
451	2.6491306754694577e-05	0.044296551939720735
452	1.9033846135052546e-05	0.034254837772730196
453	2.0027554809121106e-05	0.032757852322961384
454	2.5079004723593812e-05	0.029219746543537983
455	1.7102558690113012e-05	0.030601936631117654
456	2.1591794534786546e-05	0.024994091501518018
457	1.992156760129843e-05	0.03082720643148046
458	3.242708770034852e-05	0.027659991128111863
459	1.6573155665333683e-05	0.04031315813420028
460	2.2675698363283647e-05	0.03144525295042888
461	9.983984432304638e-06	0.044557392198279644
462	1.8919841676817706e-05	0.04710875663281966
463	1.6263073108563342e-05	0.03339433883440342
464	1.8378572967742146e-05	0.020120824911055976
465	1.8035342302935575e-05	0.04827616724576418
466	2.487788703409155e-05	0.026325478382436956
467	7.944804480242151e-06	0.03543647454256635
468	2.2218660908582266e-05	0.02735676892188238
469	2.3231929024453146e-05	0.026928445079766827
470	1.0220984342390604e-05	0.027684362326259926
471	1.588417186743768e-05	0.044174687492138404
472	2.3870580381696316e-05	0.04261835243808934
473	1.9986004131222757e-05	0.03009213937951047
474	2.103732952024595e-05	0.030387244473319752
475	2.256887840840216e-05	0.03218535167721093
476	3.558099042973162e-05	0.04405022750760429
477	2.4438566377474324e-05	0.038086944262171206
478	2.565888030150055e-05	0.025417019501160265
479	1.4912356710167218e-05	0.02386357657046942
480	1.5618411406764787e-05	0.03879464414996897
481	2.4516164115473416e-05	0.03465992282560745
482	2.058393241635703e-05	0.04309238592512649
483	1.955020514088357e-05	0.02418753284217091
484	1.1711131094493954e-05	0.0372424450521307
485	1.8477396355687237e-05	0.04749982958974208
486	2.5701866184155153e-05	0.04364713624506805
487	2.3025672769905192e-05	0.03805798407115618
488	1.930781775135587e-05	0.0338613585938054
489	1.8127279190774392e-05	0.04032676708161465
490	2.3163928056790795e-05	0.04039245074100532
491	1.853287426287209e-05	0.044642330099830235
492	2.7003270487789555e-05	0.03824528746200953
493	1.7258044060386446e-05	0.03153228608472862
494	2.1900253345252807e-05	0.035719011819658975
495	3.087569921980671e-05	0.041578260429034675
496	2.5846569837173483e-05	0.02619274504010083
497	2.0069741369727057e-05	0.029510063490579136
498	2.86278761712222e-05	0.035713814492224855
499	2.053150391775893e-05	0.04261316082148546
500	2.0917850207663458e-05	0.034750021666657555
501	1.9707636957258523e-05	0.042891039835377814
502	2.1647159679838435e-05	0.04356508450270033
503	1.6169038596525187e-05	0.030679652984139383
504	2.2242080991247137e-05	0.041263219230635084
505	1.7614214331301836e-05	0.02210253559948172
506	1.8897537883255655e-05	0.035918925532872376
507	2.1877729104058385e-05	0.03844051952569569
508	1.881831082362062e-05	0.041069084006519097
509	1.6429297594072745e-05	0.029971916655943065
510	2.224724012224455e-05	0.030083016103619346
511	1.7087890338995937e-05	0.03503383547960942
512	2.8579078868273822e-05	0.027796931066860018
513	1.9941015636237847e-05	0.03153474979224295
514	1.8898417644519494e-05	0.031318013910344514
515	2.4794529186911163e-05	0.033896537009248495
516	2.052749919216612e-05	0.04152363513577545
517	2.3179725199218293e-05	0.03502966684097071
518	1.0224273319203725e-05	0.036059277969224146
519	2.3429453776091513e-05	0.030864802424744972
520	2.709221770974546e-05	0.03148819273147699
521	1.693111569248118e-05	0.03657348361166707
522	2.121314451947187e-05	0.030433206615503708
523	2.2299195432118335e-05	0.037941126646936774
524	2.087113639165361e-05	0.02811649251711179
525	2.288611873479951e-05	0.046394649222113615
526	3.583696327841279e-05	0.025018338511514013
527	1.7969843733811608e-05	0.042115992362180804
528	2.8783412397259678e-05	0.035606097744232235
529	1.3953172870062591e-05	0.03172190941496583
530	1.9281343115046257e-05	0.036297941077441526
531	2.0991614505361245e-05	0.04259548711638872
532	1.6212515974056707e-05	0.02567706822333629
533	3.434039470467942e-05	0.03195691121184291
534	2.8891263644414966e-05	0.027255889223811863
535	2.7258694256904192e-05	0.028111240065732568
536	2.334555970556762e-05	0.0372780258776009
537	2.0612752701397452e-05	0.026560832444793236
538	1.1249094611698318e-05	0.03710702272201946
539	2.331456746001992e-05	0.032186535232230196
540	2.397710437149203e-05	0.03591118404581928
541	1.8663093138915343e-05	0.04041368354877167
542	2.1106317440844347e-05	0.030170485186847174
543	1.8200298485926414e-05	0.041054522480871825
544	2.106415795366523e-05	0.04955936792969412
545	1.6582310830320912e-05	0.032589471731826
546	1.9616250789694645e-05	0.033200093639474654
547	2.0137487613480776e-05	0.04081335183807322
548	1.801098288151115e-05	0.03550228483039014
549	2.561365661263304e-05	0.02931329239634871
550	3.061331913806198e-05	0.038502339160173316
551	2.4953875191718877e-05	0.030522017776128077
552	2.4210847320016438e-05	0.03739053765785443
553	1.5583312721847986e-05	0.03882265499140203
554	2.4662824008925277e-05	0.03535009652809176
555	1.9301443034414056e-05	0.02431033244898667
556	2.0030453998981512e-05	0.026824364977580714
557	2.54952677288256e-05	0.03792167594789417
558	2.2429935959161762e-05	0.03375495215215422
559	1.4718518660861157e-05	0.035231568200488964
560	2.5356791546971014e-05	0.03544739093350918
561	2.1723028308051617e-05	0.03534005051756289
562	2.4788518159152284e-05	0.022762467855946655
563	1.7746712389993258e-05	0.03181930360330537
564	1.2343331803943425e-05	0.03735589534991106
565	1.636352724265766e-05	0.03841564667524727
566	3.1474919779200805e-05	0.031217745073398057
567	1.982954989718233e-05	0.032847956127618066
568	1.5579016775124632e-05	0.03471928003946123
569	1.498836068844489e-05	0.04222468465169937
570	1.20400131556897e-05	0.032191243255524166
571	2.2679966342725733e-05	0.025428251221603998
572	2.003631266012107e-05	0.0255109449150063
573	1.0324774559311578e-05	0.04053376111165183
574	2.3694892459166783e-05	0.0447623500067586
575	2.3972265145749683e-05	0.027065489555188726
576	2.7270346466962136e-05	0.03807894376364784
577	1.925198575788989e-05	0.03008400243840853
578	2.6333190984800803e-05	0.033523042319406726
579	2.3592381657749906e-05	0.03925562907427374
580	1.8354053385127855e-05	0.03334698339865061
581	2.6165679352985194e-05	0.026581296210926864
582	2.4585491990802844e-05	0.031132299467946725
583	1.366446248005082e-05	0.04160362268639689
584	2.925881828308441e-05	0.02992248731118985
585	2.3785194339168148e-05	0.036960214281758344
586	1.849999917119538e-05	0.03469870030101738
587	1.3125054940055225e-05	0.04265421872218547
588	2.0425792996436876e-05	0.04536229855703845
589	2.2116849428599483e-05	0.02376942793374348
590	2.3266793122700413e-05	0.03720419813819881
591	2.475603741286525e-05	0.03809840477645521
592	2.938245722866606e-05	0.028779261371476017
593	2.3076826241842652e-05	0.044932096645148356
594	1.8404660712290077e-05	0.03789798660723116
595	1.9058130290655617e-05	0.03774801132435039
596	1.5891511467303054e-05	0.030913352718045017
597	2.027286983788401e-05	0.038220945551245014
598	3.504615754773566e-05	0.030786192065309394
599	3.2855430257959506e-05	0.03182999108445639
600	2.977253908328925e-05	0.0339273875165533
601	2.2391384376097e-05	0.04488460085461021
602	2.6088214703012813e-05	0.03848519775755337
603	2.0253192488023375e-05	0.036338238787325394
604	1.715826583997826e-05	0.043907137879735214
605	2.6827250646482836e-05	0.03392788366857433
606	1.774671930110383e-05	0.03420075450147937
607	1.8644976008092007e-05	0.03589499322862284
608	1.778226821612383e-05	0.03554757751630605
609	2.0940744659025956e-05	0.03975637749604061
610	1.606986077254402e-05	0.035075529801354255
611	2.8057625211436177e-05	0.025711499708618107
612	2.1065533529818214e-05	0.0383444367231906
613	2.4200538895458035e-05	0.01932549834355457
614	2.7363975372757254e-05	0.0317065015536136
615	2.5049616791672502e-05	0.03583943866029804
616	2.508152816257242e-05	0.029172599073966438
617	1.6976676921076628e-05	0.036925474941557415
618	2.521379879211194e-05	0.04884002996482979
619	1.957264518070989e-05	0.03826567197772329
620	2.011395842760333e-05	0.032408675843223766
621	1.8732780557084716e-05	0.04314662132336872
622	2.2070934811907472e-05	0.026267975622169065
623	2.3647268169474378e-05	0.0308192435037994
624	1.9167610889186948e-05	0.03574886802044558
625	1.9742762071867093e-05	0.05030402758709518
626	2.0852771533422243e-05	0.04389476203995163
627	1.8961315318088978e-05	0.03847231934217786
628	2.5941504192453224e-05	0.03711987974947023
629	1.7415701234535508e-05	0.036968398054235935
630	2.315869106023216e-05	0.03299175307474386
631	3.1638912595971513e-05	0.04149322267461503
632	1.4701073020401134e-05	0.0317655454868675
633	2.218845820828319e-05	0.04695912492849924
634	2.0578077846222786e-05	0.03155841759397339
635	1.4833419284099314e-05	0.0330074869055334
636	1.861346430559463e-05	0.03411149894836912
637	2.6126967124062705e-05	0.03613354596754237
638	2.5369888474804925e-05	0.035621394205862106
639	1.8506034038301422e-05	0.027468785550764402
640	1.5246014677755548e-05	0.035078171225352145
641	2.5084328551652768e-05	0.028039718912807238
642	2.793640063856323e-05	0.03965076440815429
643	3.2485473060020476e-05	0.03628979600431295
644	2.284902663174382e-05	0.035747034718839193
645	2.1235236944555647e-05	0.03881624353967361
646	1.8114316089112847e-05	0.027380255737557573
647	1.7549281375317527e-05	0.025961918254006497
648	2.5632884826987112e-05	0.030450367202561668
649	1.917599226256006e-05	0.04446630159096336
650	2.62516140408231e-05	0.027822898930151024
651	2.6611287520267313e-05	0.03389645535775815
652	1.6530380849116844e-05	0.025331214397457086
653	1.5190846686774506e-05	0.03671604460624345
654	2.3831436133631145e-05	0.039964055071313315
655	2.1126898542750405e-05	0.04039069989768582
656	2.0411561049482607e-05	0.039578069498577284
657	2.2379927083787665e-05	0.038705965170705986
658	2.369741080879284e-05	0.04229139072746663
659	2.5049199853480197e-05	0.030072279988496847
660	2.201089573916626e-05	0.03428968701231175
661	2.3006106100981194e-05	0.028521061963810906
662	1.9949819591830176e-05	0.04068333640419824
663	1.9572155701697014e-05	0.027728844989034634
664	3.3225138691639344e-05	0.03639261619971791
665	2.8284302550779516e-05	0.02712829534490674
666	2.9527035900617227e-05	0.02960566091970951
667	2.0772858716877618e-05	0.026436078477608965
668	2.0825285206221844e-05	0.03940997176044492
669	1.8003581888761944e-05	0.03646646091044814
670	1.3539382156889379e-05	0.03387191050763688
671	2.3405389228153828e-05	0.03763521387625108
672	3.087946741719971e-05	0.036353228055218956
673	1.815264305909947e-05	0.033078322255727044
674	3.2271782118661885e-05	0.042960541844596134
675	3.33605820662039e-05	0.03429669846381053
676	2.4644505291090968e-05	0.022457700627144556
677	1.8881035396683954e-05	0.03625265553064255
678	2.510500215036071e-05	0.026993503492573026
679	2.086943262269436e-05	0.03285067801217528
680	2.44051192431205e-05	0.02831967998630433
681	2.0057365807846228e-05	0.034417613773186626
682	1.7224643852620236e-05	0.029844591521031444
683	1.7327586984416943e-05	0.0398854125115278
684	1.151530353346586e-05	0.02993589841956057
685	2.2962954190228202e-05	0.03089181949164603
686	2.7451236643993848e-05	0.034573505184445616
687	2.7157764623322866e-05	0.02585305832209092
688	2.199927042298433e-05	0.028470531613809275
689	2.00299084500144e-05	0.0333200509793519
690	1.7194055794256258e-05	0.039036818973001236
691	1.4518848220290703e-05	0.02850053075265803
692	2.8211011959086707e-05	0.03808551537218936
693	3.7719432162769406e-05	0.03405965499954211
694	2.2446996865099766e-05	0.03588016849947798
695	1.5145421031981243e-05	0.040626024248919756
696	1.9760562138163018e-05	0.04609741125398059
697	2.538252855799339e-05	0.03054745442420409
698	2.401142841729209e-05	0.03443184582669073
699	2.0170349051357173e-05	0.037512675070803636
700	2.4497728341343894e-05	0.04327062744346297
701	1.528286720105243e-05	0.03658039286118625
702	2.2688231664458325e-05	0.029259402974333992
703	2.150009492213334e-05	0.032337683899915176
704	2.5674243434831157e-05	0.01893596863451169
705	1.0518167977688342e-05	0.027268620888784508
706	2.903633338868783e-05	0.04043445982674443
707	1.3384278657962989e-05	0.03379919964463198
708	3.135494994765953e-05	0.05055378679371941
709	3.4398558219073117e-05	0.04002546785083888
710	2.6712555952462802e-05	0.03874412561484464
711	2.167201819994191e-05	0.037837370970008416
712	1.7279080716442463e-05	0.02697365160455345
713	2.1817985043748322e-05	0.026588650834355188
714	2.5251773477869e-05	0.030041399928484314
715	2.1426295834736653e-05	0.035471777820010764
716	2.7713578485841217e-05	0.03538706802086192
717	1.8268311471780763e-05	0.022522582306547884
718	2.386558636824354e-05	0.028901714619405078
719	1.8890116475878127e-05	0.037853662449731956
720	2.2747067713629887e-05	0.03828204481489958
721	2.2290083899562108e-05	0.024861547993739325
722	2.3814869115540427e-05	0.03752982845077074
723	1.979281736860794e-05	0.0293561904879783
724	1.659592992869774e-05	0.03693619562354382
725	1.5058900422304511e-05	0.02329083692379691
726	2.5262412164994696e-05	0.03244312434462583
727	1.5619443126529964e-05	0.024466852029388905
728	2.399769931604734e-05	0.03330025076242138
729	3.058572054090436e-05	0.03175886401408068
730	2.244355918311347e-05	0.024668199742614638
731	3.151400417789052e-05	0.04362722774083225
732	2.5567505700596627e-05	0.029089591628566336
733	1.8917734348450344e-05	0.035388584851570884
734	2.0177613293481667e-05	0.0384400643106243
735	1.7509044456125167e-05	0.025318831569182146
736	2.117247993946303e-05	0.03865459296296285
737	1.823993663482848e-05	0.043848031917254116
738	1.9205966948987463e-05	0.03426164413245433
739	2.503386628732729e-05	0.03697214253100728
740	2.415888097664909e-05	0.03428346094090383
741	1.984654773340422e-05	0.03354389059664428
742	2.0962787730005594e-05	0.04288486062062191
743	2.1608011862170318e-05	0.0384539466746746
744	2.6334260190510883e-05	0.04446824304074215
745	2.1695959244671936e-05	0.03545976428372288
746	2.15156116465387e-05	0.03478933856510913
747	2.271358776073651e-05	0.02831514137018684
748	2.983317172228217e-05	0.030518743162523454
749	1.7236632360306814e-05	0.03232801595466622
750	2.2404983381629773e-05	0.028577354908503827
751	2.306806782348403e-05	0.022755024986224975
752	1.4077711712023877e-05	0.026837344403463442
753	1.827975090915035e-05	0.04125383802378932
754	2.161080755169742e-05	0.044338970444531445
755	2.8733683610393523e-05	0.03842083560557674
756	2.3724653835099918e-05	0.03660980490693167
757	1.5650452424159633e-05	0.033057236826980495
758	2.0033318201051475e-05	0.04726553344066269
759	3.262804406489739e-05	0.03766425939075008
760	3.1434339073904694e-05	0.04635507642899206
761	2.125431458682714e-05	0.03686971343651321
762	2.169550367464579e-05	0.034943919254203024
763	1.9619612251497998e-05	0.03151353953268472
764	2.2232246039977088e-05	0.02681865537857936
765	2.4291683710153666e-05	0.033082543550835786
766	2.0550005773389834e-05	0.03256385304993906
767	1.7055310449459737e-05	0.03713232428866811
768	8.983863411027304e-06	0.04563942838460211
769	2.603932619356375e-05	0.03012620783419845
770	2.4168196898655125e-05	0.045663456442990344
771	2.0670350059787124e-05	0.03257585767336198
772	9.922620722691011e-06	0.02527384199966276
773	2.6285606015835628e-05	0.02506973058621015
774	2.3266700687529784e-05	0.03415399951780221
775	2.1188251664444602e-05	0.030381406619066346
776	1.774315815847305e-05	0.03456695114470226
777	1.2177437750116038e-05	0.035129458791809065
778	2.045442872222747e-05	0.027398076508278413
779	2.473384706594417e-05	0.04298986283136373
780	2.4130821839302152e-05	0.04292934031382717
781	1.7388893689865292e-05	0.0345443478677758
782	1.9698154711200733e-05	0.03634595963593171
783	2.5953172344050923e-05	0.04951139393740256
784	2.106367359946959e-05	0.0332337667861778
785	2.167361895083486e-05	0.038660066208965435
786	1.5972849606471495e-05	0.03287684382914441
787	2.086888333996395e-05	0.04141986325707672
788	2.65705050218612e-05	0.03568677145961503
789	2.6123091601423787e-05	0.043781645233157945
790	2.38559540840233e-05	0.02638824496300074
791	2.342304634045389e-05	0.035167429966982855
792	1.900446241268061e-05	0.034084316773180495
793	2.3943494062511617e-05	0.046882280518729835
794	2.027534308690626e-05	0.03241067128812189
795	1.717448431688695e-05	0.029900421676838346
796	1.645596243157743e-05	0.035256215330107074
797	1.208096441335238e-05	0.04088902300855918
798	1.7637412092201543e-05	0.035257872049627215
799	2.1206008246357766e-05	0.04677555262429073
800	1.73398446095957e-05	0.032374783471542434
801	2.5591943918323867e-05	0.02598691393790123
802	3.3420373891757116e-05	0.04383096814743981
803	2.3082290104198266e-05	0.03075990172822446
804	1.4841419224781438e-05	0.028117702917405063
805	1.7270087430132364e-05	0.03206539932581798
806	2.203413417001948e-05	0.035146646738301146
807	2.6171173404254677e-05	0.04078712659364536
808	8.570236768770667e-06	0.02689628593137572
809	2.428604577800475e-05	0.03587946251705981
810	2.140051910656804e-05	0.03874557518943249
811	1.9692315555874806e-05	0.036118140976569665
812	2.6660171935255494e-05	0.033504316533387965
813	1.9832940320374526e-05	0.033957045650659254
814	2.027052921336342e-05	0.03618749295877436
815	2.0799898076878653e-05	0.03941976970503813
816	1.4065588052558642e-05	0.03486808597077738
817	2.381762021066991e-05	0.03935472005493873
818	1.551093013205107e-05	0.03473254978481208
819	3.008360792830511e-05	0.023236320324188764
820	1.949601852668792e-05	0.024854302957927177
821	1.9407641893870453e-05	0.03754546889876138
822	3.0057769456026673e-05	0.029487408693228384
823	2.3378250110062115e-05	0.027613171202785763
824	1.988098675653749e-05	0.03071966932021733
825	1.94126191436772e-05	0.034378323145868805
826	2.284691362047786e-05	0.028118032078545394
827	1.3721316801759698e-05	0.025789713106913165
828	1.838727582645361e-05	0.032389654846706084
829	2.0964570927844983e-05	0.03306871829913749
830	2.3206868970740424e-05	0.04349942531613382
831	1.9991681137296324e-05	0.03632526145717008
832	1.8895762496445867e-05	0.034938085931164375
833	2.2372103284755418e-05	0.03728320095275045
834	1.6128401298221018e-05	0.03765933780436935
835	2.3553583162000402e-05	0.042935991750184754
836	2.1432555941669484e-05	0.031496013993579174
837	1.8083245442335194e-05	0.03449192542902216
838	3.360390513851286e-05	0.031779382392973315
839	1.9159074956781597e-05	0.030653296219047665
840	1.5722020672404025e-05	0.03198260471219588
841	2.4493070737624523e-05	0.04035368682211485
842	1.819219384271986e-05	0.04759435698862674
843	1.9394246370374457e-05	0.0370328749468999
844	1.7204956882788114e-05	0.03284631385645824
845	2.4286431551806542e-05	0.03985469553331128
846	1.5690769120876857e-05	0.04559430014178684
847	2.2633013372408417e-05	0.03123516417689759
848	2.7171013763538365e-05	0.025125066994602797
849	3.2728364618012096e-05	0.02664771370990604
850	2.584668083654984e-05	0.046204625628610246
851	2.005616188083259e-05	0.027212673814404037
852	2.5704851908392445e-05	0.029465054119741194
853	2.426918915784948e-05	0.04027234536586073
854	2.0826519804978405e-05	0.04364893747148291
855	1.262009130947872e-05	0.039257030975714424
856	2.368718147979787e-05	0.03517747183261352
857	2.4480987673644594e-05	0.04072860347648247
858	1.3479454115561396e-05	0.03153577199373586
859	2.7848566759525184e-05	0.03783442057144332
860	2.514964651345597e-05	0.032583185201254986
861	3.093204121676352e-05	0.03773385002197721
862	2.3921690261136108e-05	0.029607629226820725
863	1.965697404529565e-05	0.046684086472161906
864	2.0472437679969202e-05	0.03538935770514412
865	1.8332051317154763e-05	0.03945373096649524
866	2.436919805834381e-05	0.033241456398432484
867	2.891983288833e-05	0.02847802833133073
868	2.0984143571031733e-05	0.03680321159552524
869	2.189571487937192e-05	0.03133702520672252
870	2.115500775656809e-05	0.03695195646061547
871	2.3920456967696513e-05	0.03552227256291926
872	2.4491642988885842e-05	0.041440997045936234
873	1.9696610218722377e-05	0.02547762939811493
874	2.0453687992486036e-05	0.03318932465930496
875	2.0038078351020117e-05	0.039548471780213146
876	2.7157257689952585e-05	0.023311620216004802
877	1.6960017914069425e-05	0.030351681370007322
878	2.2489871840891684e-05	0.03542546225291157
879	2.1454321348618466e-05	0.02869219424766628
880	1.1034366576123666e-05	0.026646052277717353
881	2.1634719589769258e-05	0.04067731622960899
882	1.9796311100071795e-05	0.02828327242020276
883	1.8485735006290582e-05	0.03772228667741223
884	2.4064210484925352e-05	0.03588836852090624
885	2.200682748898508e-05	0.04009224959693891
886	2.790633779348184e-05	0.0361303956021668
887	1.7507430318530748e-05	0.03813076792383546
888	1.6199229508101487e-05	0.03416668807075924
889	2.245027456754256e-05	0.03154894720900664
890	2.3912796833031047e-05	0.031006184225142563
891	2.0041491374245268e-05	0.0370228289555668
892	1.6313342512758178e-05	0.036443497036084835
893	2.4634706153020547e-05	0.02981799015028473
894	2.068366358648488e-05	0.04000478883230388
895	2.7463963484464227e-05	0.03286031497750712
896	1.6215949864131773e-05	0.03651517907007347
897	2.8316545503059842e-05	0.039491340792197266
898	3.141294749675616e-05	0.04109558929630425
899	3.796487362697776e-05	0.028707534252614908
900	2.4935596410730065e-05	0.026128228456771485
901	2.042469450175277e-05	0.03695958540416494
902	2.4530329696598185e-05	0.045599414735237084
903	1.8608922821961027e-05	0.02651232317932256
904	1.577649541723014e-05	0.0354391938902667
905	1.6516517888559568e-05	0.027583069132655652
906	1.56051110443145e-05	0.032197828092039416
907	1.8862477682207723e-05	0.037821109652480894
908	2.3234899190371916e-05	0.042141379734068424
909	2.367291801474991e-05	0.02338889723402815
910	2.7151624260937646e-05	0.03086301039186498
911	1.4264753120732387e-05	0.037785557388562374
912	1.4031459870389451e-05	0.043925913269440064
913	2.7307040913554514e-05	0.034848219847185696
914	1.7135962411374273e-05	0.03207429885049068
915	2.305634555058167e-05	0.035625832307595195
916	2.6253320353511467e-05	0.02933271265729029
917	2.2191861677345326e-05	0.03762524018324952
918	1.303247268975849e-05	0.040760900260023075
919	1.3291064826448373e-05	0.052566282716659196
920	2.2498874436310823e-05	0.04336191647201945
921	1.8330810099526085e-05	0.03275802501521613
922	1.5858036119670293e-05	0.03556150025715127
923	2.73742781678743e-05	0.035549367105165736
924	2.3922590923250442e-05	0.03261348942223827
925	2.0901964539896123e-05	0.04264943956724139
926	1.947629939585971e-05	0.04201921870561562
927	2.435138444001339e-05	0.030638362378836326
928	2.137908518876075e-05	0.04757955801398395
929	2.5768589502511707e-05	0.03420560897457857
930	1.8154390926450326e-05	0.02357183623621359
931	2.2708060155980647e-05	0.033579231753549155
932	1.9670487110268198e-05	0.046090644409040454
933	2.5296249493378387e-05	0.029767645625980166
934	2.789204938652423e-05	0.030703202479128083
935	1.938598545964121e-05	0.0374996114791637
936	1.872504590216817e-05	0.0347332949232675
937	2.1983318682805564e-05	0.028302627200099267
938	2.348371680768735e-05	0.038468350223815145
939	1.7191015359907524e-05	0.03885641651332726
940	1.8206666301048835e-05	0.042332604231921256
941	2.2248807100312684e-05	0.03190769864138737
942	2.386838015677739e-05	0.03647110989282981
943	1.9431668092845245e-05	0.031026225846070427
944	1.6632296123246515e-05	0.026419600460465938
945	2.1298326400548406e-05	0.043037501023176106
946	1.7420922673122563e-05	0.027725540991157524
947	1.2700008459154422e-05	0.04094907294364303
948	2.0832039465706886e-05	0.03647923276656831
949	2.0422406740647214e-05	0.033484866639411866
950	2.266656960789315e-05	0.039358104011363054
951	1.678017184730818e-05	0.04283719480175635
952	2.2628387866929778e-05	0.02440767557612636
953	2.2568215184232132e-05	0.04035809538269186
954	2.6473442752666942e-05	0.048787106596608454
955	1.354991822064e-05	0.04021947008821422
956	2.288390600155288e-05	0.02609603895599274
957	1.2271488059850677e-05	0.042587164800990174
958	2.5139696054415905e-05	0.04359649313242819
959	2.515429769839317e-05	0.03255506548127407
960	2.3428426576849182e-05	0.025659104605181587
961	2.1631818853534712e-05	0.03006146336076318
962	2.1582711957207623e-05	0.0368798918928558
963	2.7128135841492096e-05	0.02538677409320579
964	1.1710070309756127e-05	0.042446774165237317
965	2.4992537322909847e-05	0.03028476383138151
966	2.6352638962050257e-05	0.04032005205857844
967	2.3875207207209315e-05	0.0449489372891298
968	1.922970015826031e-05	0.030706439507965463
969	2.9054085710439326e-05	0.04785086478960379
970	2.3174484437837872e-05	0.04003595322249781
971	1.607648531931627e-05	0.04460122643761573
972	2.4602539236598386e-05	0.030191439349542215
973	2.720699937280857e-05	0.0359940984349712
974	1.6105434074320524e-05	0.030602722414312944
975	2.10833009349487e-05	0.03495491550059758
976	2.2577997039058273e-05	0.037500607983819934
977	1.5114270416088926e-05	0.03970113721059129
978	1.7553329375974425e-05	0.035677409458724746
979	2.3557326645107235e-05	0.03989853463462853
980	1.4259462254473387e-05	0.039143869703131995
981	3.18392732451267e-05	0.04252435641810742
982	1.4388897357248132e-05	0.033373177142768884
983	2.082182251456066e-05	0.025012249051297963
984	2.147578973621389e-05	0.03139859551128779
985	2.533451705108436e-05	0.029925271131553577
986	1.9042842508087965e-05	0.024602819841659046
987	2.4749906792721765e-05	0.03968152927779303
988	2.0251812335059238e-05	0.03144466742765406
989	2.0669976221285302e-05	0.040071058732389656
990	2.341423707713508e-05	0.04299460784481052
991	2.6760475844544995e-05	0.034156683754717976
992	2.5451475610976937e-05	0.03666216513392939
993	2.328250866512338e-05	0.03606543120831718
994	1.5621599098958328e-05	0.03453308704675189
995	2.3684275625601714e-05	0.038373861332608
996	2.1209135843802684e-05	0.02924718709679866
997	1.548567207236562e-05	0.03850394263122542
998	1.8085635926069765e-05	0.024925365796394178
999	2.243048901073852e-05	0.04407696186415902
