B_cell_strict_gene_coverage_fraction	B_cell_strict_genes_detected_at_1pct	B_cell_strict_genes_detected_in_tissue	B_cell_strict_genes_in_features	DC_core_gene_coverage_fraction	DC_core_genes_detected_at_1pct	DC_core_genes_detected_in_tissue	DC_core_genes_in_features	Plasma_cell_gene_coverage_fraction	Plasma_cell_genes_detected_at_1pct	Plasma_cell_genes_detected_in_tissue	Plasma_cell_genes_in_features	Tfh_like_gene_coverage_fraction	Tfh_like_genes_detected_at_1pct	Tfh_like_genes_detected_in_tissue	Tfh_like_genes_in_features	array_cols_tissue	array_rows_tissue	barcodes_present	coordinate_barcode_overlap_fraction	coordinates_present	disease state	features_present	gsm	images_present	largest_tissue_component_fraction	largest_tissue_component_spots	marker_BCL6_tissue_detection_fraction	marker_CCL19_tissue_detection_fraction	marker_CCR7_tissue_detection_fraction	marker_CD1C_tissue_detection_fraction	marker_CD22_tissue_detection_fraction	marker_CD37_tissue_detection_fraction	marker_CD3D_tissue_detection_fraction	marker_CD3E_tissue_detection_fraction	marker_CD4_tissue_detection_fraction	marker_CD79A_tissue_detection_fraction	marker_CD79B_tissue_detection_fraction	marker_CD80_tissue_detection_fraction	marker_CD86_tissue_detection_fraction	marker_CLEC10A_tissue_detection_fraction	marker_CST3_tissue_detection_fraction	marker_CXCL13_tissue_detection_fraction	marker_CXCR5_tissue_detection_fraction	marker_FCER1A_tissue_detection_fraction	marker_FSCN1_tissue_detection_fraction	marker_HLA-DPA1_tissue_detection_fraction	marker_HLA-DPB1_tissue_detection_fraction	marker_HLA-DRA_tissue_detection_fraction	marker_ICOS_tissue_detection_fraction	marker_IL7R_tissue_detection_fraction	marker_LAMP3_tissue_detection_fraction	marker_MS4A1_tissue_detection_fraction	marker_MZB1_tissue_detection_fraction	marker_PDCD1_tissue_detection_fraction	marker_SDC1_tissue_detection_fraction	marker_XBP1_tissue_detection_fraction	marker_feature_coverage_fraction	marker_tissue_detection_fraction	matrix_present	median_genes_tissue	median_umi_tissue	mregDC_strict_gene_coverage_fraction	mregDC_strict_genes_detected_at_1pct	mregDC_strict_genes_detected_in_tissue	mregDC_strict_genes_in_features	n_barcodes	n_coordinate_barcode_overlap	n_coordinate_rows	n_genes	n_requested_markers_detected_in_tissue	n_requested_markers_in_features	n_tissue_spots	nested_sample	path response	program_scoreability_candidate	q10_genes_tissue	q10_umi_tissue	q90_genes_tissue	q90_umi_tissue	sample type	sample_type_norm	spatial_enrichment_present	status	technical_candidate	tissue	tissue subtype	tissue_class	tissue_fraction	title	treatment arm	tumor_program_scoreability_candidate	tumor_replication_candidate	zero_umi_tissue_fraction
1.0	5	5	5	1.0	6	7	7	1.0	3	3	3	1.0	8	9	9	99	72	1	1.0	1	pancreatic ductal adenocarcinoma	1	GSM8514529	1	0.8747931605074463	1586	0.1891891891891892	0.12630998345284059	0.1141753998896856	0.02978488692774407	0.138996138996139	0.3524544953116382	0.10369553226696084	0.1075565361279647	0.07611693325979041	0.15388858246001103	0.13072255929398788	0.012134583563154992	0.03143960286817429	0.07115278543849972	0.2774407060121346	0.06508549365692223	0.07115278543849972	0.00441257584114727	0.03750689464975179	0.29509100937672367	0.26806398234969664	0.4031991174848318	0.011031439602868174	0.19801434087148373	0.015444015444015444	0.1897407611693326	0.09376723662437948	0.00827357970215113	0.02040816326530612	0.2675124103695532	1.0	1.0	1	457.0	531.0	1.0	6	6	6	1813	1813	4992	17943	30	30	1813	GSM8514529_J1568_C1	R	1	224.20000000000002	245.0	1885.8	2643.2	FFPE	ffpe	1	complete	1	pancreas	lymph node	lymph_node	1.0	pdac1	A	0	0	0.0
1.0	5	5	5	1.0	5	7	7	1.0	3	3	3	1.0	9	9	9	106	59	1	1.0	1	pancreatic ductal adenocarcinoma	1	GSM8514530	1	1.0	2553	0.45436741088915	0.3732863298080689	0.07128867998433217	0.009792401096748922	0.06345475910693302	0.3176654915785351	0.1410105757931845	0.13474343909126518	0.10810810810810811	0.10419114766940854	0.06737171954563259	0.033685859772816296	0.10654132393262829	0.07168037602820211	0.763023893458676	0.14688601645123384	0.015667841754798278	0.009792401096748922	0.25773599686643167	0.5624755189972581	0.5754014884449667	0.7896592244418331	0.04308656482569526	0.2773207990599295	0.05052878965922444	0.11084998041519781	0.1320015667841755	0.030943987465726595	0.21151586368977673	0.63572267920094	1.0	1.0	1	1830.0	2727.0	1.0	6	6	6	2553	2553	4992	17943	30	30	2553	GSM8514530_J1568_C10	R	1	580.2	674.2	3491.0	6728.4000000000015	FFPE	ffpe	1	complete	1	pancreas	Tumor	tumor	1.0	pdac2	A	1	1	0.0
1.0	2	5	5	0.8571428571428571	5	6	7	1.0	3	3	3	1.0	4	9	9	116	67	1	1.0	1	pancreatic ductal adenocarcinoma	1	GSM8514531	1	0.9989733059548255	2919	0.0944558521560575	0.25770020533880905	0.01574264202600958	0.0027378507871321013	0.0027378507871321013	0.14407939767282682	0.06091718001368925	0.021560574948665298	0.006844626967830253	0.0027378507871321013	0.02087611225188227	0.00034223134839151266	0.0013689253935660506	0.02840520191649555	0.26899383983572894	0.020191649555099247	0.0034223134839151265	0.0	0.09924709103353867	0.06023271731690623	0.037987679671457907	0.23100616016427106	0.00034223134839151266	0.0037645448323066393	0.003080082135523614	0.001026694045174538	0.12628336755646818	0.0006844626967830253	0.035249828884325804	0.6084873374401095	1.0	0.9666666666666667	1	591.5	1027.0	1.0	3	6	6	2922	2922	4992	17943	29	30	2922	GSM8514531_J1568_C11	R	0	360.0	555.0	902.0	1915.9	FFPE	ffpe	1	complete	1	pancreas	lymph node	lymph_node	1.0	pdac3	C	0	0	0.0
1.0	5	5	5	1.0	6	7	7	1.0	3	3	3	1.0	8	9	9	113	62	1	1.0	1	pancreatic ductal adenocarcinoma	1	GSM8514532	1	0.9977037887485649	2607	0.06582472254114045	0.1251435132032147	0.028319938767699962	0.010332950631458095	0.04554152315346345	0.06735553004209721	0.03444316877152698	0.027937236892460773	0.02870264064293915	0.026789131266743208	0.03788748564867968	0.02564102564102564	0.02066590126291619	0.011863758132414848	0.14313050133945657	0.05128205128205128	0.011098354381936472	0.008036739380022962	0.006505931879066207	0.22388059701492538	0.1549942594718714	0.2751626482969767	0.009567546880979716	0.11442786069651742	0.012246460007654038	0.02602372751626483	0.016456180635285114	0.012246460007654038	0.013777267508610792	0.07883658629927287	1.0	1.0	1	372.0	410.0	1.0	5	6	6	2613	2613	4992	17943	30	30	2613	GSM8514532_J1568_C12	R	1	193.0	204.2	610.0	705.0	FFPE	ffpe	1	complete	1	pancreas	Tumor	tumor	1.0	pdac4	C	1	1	0.0
1.0	3	5	5	1.0	5	7	7	1.0	3	3	3	1.0	5	9	9	121	68	1	1.0	1	pancreatic ductal adenocarcinoma	1	GSM8514533	1	0.9996923076923077	3249	0.23723076923076922	0.10430769230769231	0.01353846153846154	0.006461538461538461	0.008	0.12492307692307693	0.043076923076923075	0.044307692307692305	0.06707692307692308	0.01323076923076923	0.016923076923076923	0.009230769230769232	0.015692307692307693	0.05969230769230769	0.3563076923076923	0.008307692307692308	0.002769230769230769	0.009538461538461539	0.06153846153846154	0.3356923076923077	0.34276923076923077	0.4553846153846154	0.009846153846153846	0.05692307692307692	0.017538461538461537	0.007076923076923077	0.05261538461538461	0.0043076923076923075	0.14215384615384616	0.5476923076923077	1.0	1.0	1	924.0	1174.5	1.0	5	6	6	3250	3250	4992	17943	30	30	3250	GSM8514533_J1568_C2	R	1	400.80000000000007	463.90000000000003	2399.4999999999995	4464.799999999999	FFPE	ffpe	1	complete	1	pancreas	Tumor	tumor	1.0	pdac5	A	1	1	0.0
1.0	5	5	5	1.0	7	7	7	1.0	3	3	3	1.0	9	9	9	126	66	1	1.0	1	pancreatic ductal adenocarcinoma	1	GSM8514534	1	0.9965858654831	2919	0.5479685899624446	0.7118470467736429	0.33185387504267666	0.02799590303857972	0.21679754182314784	0.7681802663024924	0.5903038579720041	0.5213383407306248	0.5944008193922841	0.5076818026630249	0.20348241720723798	0.2608398770911574	0.37692045066575625	0.46432229429839533	0.8115397746671219	0.48548992830317517	0.09354728576305907	0.022874701263229772	0.18504609081597814	0.8709457152611813	0.8880163878456812	0.9262546944349608	0.27074086719016727	0.7190167292591328	0.21577330146807785	0.3690679412768863	0.5872311369067942	0.13349265961078866	0.26732673267326734	0.8490952543530215	1.0	1.0	1	3074.0	6083.0	1.0	6	6	6	2929	2929	4992	17943	30	30	2929	GSM8514534_J1568_C3	NA	1	475.40000000000003	548.8	5439.200000000001	16535.600000000002	FFPE	ffpe	1	complete	1	pancreas	Tumor	tumor	1.0	pdac6	A	1	1	0.0
1.0	5	5	5	1.0	7	7	7	1.0	3	3	3	1.0	9	9	9	128	78	1	1.0	1	pancreatic ductal adenocarcinoma	1	GSM8514535	1	1.0	4992	0.23838141025641027	0.2904647435897436	0.07311698717948718	0.019230769230769232	0.07672275641025642	0.38000801282051283	0.19571314102564102	0.16626602564102563	0.19751602564102563	0.16045673076923078	0.08012820512820513	0.07051282051282051	0.1252003205128205	0.08974358974358974	0.7271634615384616	0.20232371794871795	0.023036858974358976	0.026642628205128204	0.11638621794871795	0.6306089743589743	0.7009214743589743	0.7956730769230769	0.036258012820512824	0.2798477564102564	0.06470352564102565	0.10797275641025642	0.21975160256410256	0.043068910256410256	0.18389423076923078	0.6392227564102564	1.0	1.0	1	1687.0	2462.0	1.0	6	6	6	4992	4992	4992	17943	30	30	4992	GSM8514535_J1568_C4	R	1	269.1	305.0	3424.5000000000027	6183.700000000002	FFPE	ffpe	1	complete	1	pancreas	Tumor	tumor	1.0	pdac7	C	1	1	0.00020032051282051281
1.0	5	5	5	1.0	7	7	7	1.0	3	3	3	1.0	9	9	9	123	70	1	1.0	1	pancreatic ductal adenocarcinoma	1	GSM8514536	1	0.9996987951807229	3319	0.6316265060240964	0.555421686746988	0.16987951807228915	0.07740963855421687	0.08885542168674698	0.5204819277108433	0.3686746987951807	0.34427710843373494	0.3894578313253012	0.07680722891566265	0.0858433734939759	0.0746987951807229	0.18825301204819278	0.3093373493975904	0.9572289156626506	0.05421686746987952	0.023493975903614458	0.22108433734939759	0.2463855421686747	0.897289156626506	0.8954819277108433	0.9578313253012049	0.05602409638554217	0.6054216867469879	0.13704819277108435	0.05903614457831325	0.12771084337349398	0.07228915662650602	0.36716867469879516	0.9174698795180722	1.0	1.0	1	3992.0	8740.5	1.0	6	6	6	3320	3320	4992	17943	30	30	3320	GSM8514536_J1568_C5	NA	1	2056.8	3528.7000000000003	5769.1	15172.199999999999	FFPE	ffpe	1	complete	1	pancreas	Tumor	tumor	1.0	pdac8	C	1	1	0.0
1.0	4	5	5	1.0	7	7	7	1.0	3	3	3	1.0	7	9	9	124	68	1	1.0	1	pancreatic ductal adenocarcinoma	1	GSM8514537	1	0.9977664326738992	3127	0.4958519463943842	0.1429483088704531	0.03063178047223995	0.014677728142948309	0.04307594128908743	0.5306317804722399	0.13401403956604976	0.10721123165283983	0.3120612635609445	0.023931078493937462	0.03158902361199745	0.06253988513082323	0.19623484365028718	0.0398851308232291	0.9862795149968092	0.021378430121250798	0.0038289725590299937	0.025526483726866625	0.4645820038289726	0.8806636885768986	0.8634333120612636	0.982769623484365	0.018825781748564134	0.21282705807275049	0.08200382897255903	0.007657945118059987	0.0622208040842374	0.009572431397574984	0.6062539885130823	0.8254626675175495	1.0	1.0	1	3305.0	6599.5	1.0	6	6	6	3134	3134	4992	17943	30	30	3134	GSM8514537_J1568_C6	R	1	2149.1	3614.5	4277.1	9702.0	FFPE	ffpe	1	complete	1	pancreas	Tumor	tumor	1.0	pdac9	B	1	1	0.0
1.0	5	5	5	1.0	7	7	7	1.0	3	3	3	1.0	9	9	9	128	78	1	1.0	1	pancreatic ductal adenocarcinoma	1	GSM8514538	1	1.0	4992	0.4753605769230769	0.4701522435897436	0.0733173076923077	0.03465544871794872	0.0641025641025641	0.36278044871794873	0.2109375	0.15584935897435898	0.3010817307692308	0.09835737179487179	0.08473557692307693	0.06670673076923077	0.15985576923076922	0.1686698717948718	0.8329326923076923	0.04146634615384615	0.016025641025641024	0.0390625	0.19731570512820512	0.7616185897435898	0.735176282051282	0.8489583333333334	0.024839743589743588	0.27524038461538464	0.0907451923076923	0.05268429487179487	0.12600160256410256	0.0390625	0.3858173076923077	0.7211538461538461	1.0	1.0	1	3275.5	5643.5	1.0	6	6	6	4992	4992	4992	17943	30	30	4992	GSM8514538_J1568_C7	NA	1	439.1	495.30000000000007	5758.900000000001	14436.000000000011	FFPE	ffpe	1	complete	1	pancreas	lymph node	lymph_node	1.0	pdac10	B	0	0	0.0
1.0	5	5	5	1.0	7	7	7	1.0	3	3	3	1.0	9	9	9	117	70	1	1.0	1	pancreatic ductal adenocarcinoma	1	GSM8514539	1	0.9996693121693122	3023	0.4348544973544973	0.6845238095238095	0.046296296296296294	0.03373015873015873	0.05489417989417989	0.49173280423280424	0.3445767195767196	0.37202380952380953	0.21693121693121692	0.11011904761904762	0.07539682539682539	0.025793650793650792	0.11342592592592593	0.3273809523809524	0.9500661375661376	0.11441798941798942	0.015542328042328041	0.06712962962962964	0.10615079365079365	0.8237433862433863	0.8429232804232805	0.9662698412698413	0.04728835978835979	0.5205026455026455	0.07771164021164022	0.06316137566137567	0.17063492063492064	0.05191798941798942	0.10416666666666667	0.7281746031746031	1.0	1.0	1	1878.0	3037.0	1.0	6	6	6	3024	3024	4992	17943	30	30	3024	GSM8514539_J1568_C8	NA	1	1182.3	1733.3	2903.100000000001	5655.9000000000015	FFPE	ffpe	1	complete	1	pancreas	Tumor	tumor	1.0	pdac11	C	1	1	0.0
1.0	5	5	5	1.0	7	7	7	1.0	3	3	3	1.0	9	9	9	111	61	1	1.0	1	pancreatic ductal adenocarcinoma	1	GSM8514540	1	0.9996165644171779	2607	0.3558282208588957	0.5463957055214724	0.1875	0.036042944785276074	0.1334355828220859	0.5157208588957055	0.2979294478527607	0.2737730061349693	0.32476993865030673	0.29179447852760737	0.15950920245398773	0.03144171779141104	0.08205521472392638	0.24961656441717792	0.9171779141104295	0.18059815950920247	0.05943251533742331	0.07707055214723926	0.3562116564417178	0.8335889570552147	0.8539110429447853	0.9302147239263804	0.03834355828220859	0.526840490797546	0.0763036809815951	0.20743865030674846	0.3696319018404908	0.04677914110429448	0.15184049079754602	0.8960889570552147	1.0	1.0	1	2234.5	4072.5	1.0	6	6	6	2608	2608	4992	17943	30	30	2608	GSM8514540_J1568_C9	R	1	1270.7	1959.0	3450.3	6996.500000000001	FFPE	ffpe	1	complete	1	pancreas	lymph node	lymph_node	1.0	pdac12	C	0	0	0.0
1.0	2	5	5	1.0	4	7	7	1.0	3	3	3	1.0	4	9	9	113	68	1	1.0	1	pancreatic ductal adenocarcinoma	1	GSM8514541	1	0.9983316649983317	2992	0.05638972305638972	0.035035035035035036	0.009342676009342675	0.004671338004671338	0.004671338004671338	0.05472138805472139	0.009676343009676344	0.01668335001668335	0.024691358024691357	0.022355689022355688	0.00667334000667334	0.000667334000667334	0.015015015015015015	0.004004004004004004	0.5545545545545546	0.004004004004004004	0.001668335001668335	0.005338672005338672	0.05005005005005005	0.23423423423423423	0.2182182182182182	0.4327660994327661	0.001001001001001001	0.044711378044711377	0.001668335001668335	0.009009009009009009	0.04104104104104104	0.002002002002002002	0.17217217217217218	0.08174841508174842	1.0	1.0	1	280.0	349.0	1.0	3	6	6	2997	2997	4992	36601	30	30	2997	GSM8514541_VI_113_1	NA	0	125.0	144.0	1138.4	2183.200000000001	Frozen	frozen	0	complete	1	pancreas	tumor	tumor	1.0	pdac13	A	0	1	0.0
1.0	1	5	5	0.7142857142857143	4	5	7	1.0	2	3	3	0.7777777777777778	2	7	9	126	52	1	1.0	1	pancreatic ductal adenocarcinoma	1	GSM8514542	1	0.9986577181208054	2232	0.09306487695749441	0.0013422818791946308	0.0	0.00044742729306487697	0.0013422818791946308	0.012527964205816556	0.0022371364653243847	0.0035794183445190158	0.010738255033557046	0.00044742729306487697	0.00044742729306487697	0.00044742729306487697	0.0044742729306487695	0.0	0.4053691275167785	0.0	0.0	0.0	0.07114093959731543	0.0894854586129754	0.046085011185682326	0.2756152125279642	0.0013422818791946308	0.009395973154362415	0.0071588366890380315	0.00044742729306487697	0.0044742729306487695	0.00044742729306487697	0.268903803131991	0.05458612975391499	1.0	0.8333333333333334	1	393.0	481.0	0.8333333333333334	1	5	6	2235	2235	4992	36601	25	30	2235	GSM8514542_VI_113_2	NA	0	111.0	121.0	1090.6000000000001	1614.2000000000003	Frozen	frozen	0	complete	1	pancreas	tumor	tumor	1.0	pdac14	B	0	1	0.0
1.0	4	5	5	1.0	7	7	7	1.0	3	3	3	1.0	5	9	9	108	49	1	1.0	1	pancreatic ductal adenocarcinoma	1	GSM8514543	1	0.9750755287009063	1291	0.0823262839879154	0.1986404833836858	0.03323262839879154	0.0188821752265861	0.009818731117824773	0.09818731117824774	0.07401812688821752	0.0702416918429003	0.07175226586102719	0.02945619335347432	0.017371601208459216	0.0022658610271903325	0.04607250755287009	0.015105740181268883	0.7537764350453172	0.0015105740181268882	0.004531722054380665	0.04305135951661632	0.15483383685800603	0.46827794561933533	0.44410876132930516	0.7348942598187311	0.005287009063444109	0.14274924471299094	0.014350453172205438	0.015105740181268883	0.03625377643504532	0.005287009063444109	0.3300604229607251	0.21450151057401812	1.0	1.0	1	991.5	1783.5	1.0	5	6	6	1324	1324	4992	36601	30	30	1324	GSM8514543_VI_113_3	NA	1	259.0	328.0	2727.1000000000004	8007.600000000001	Frozen	frozen	0	complete	1	pancreas	tumor	tumor	1.0	pdac15	C	1	1	0.0
1.0	2	5	5	1.0	4	7	7	1.0	3	3	3	1.0	5	9	9	88	53	1	1.0	1	pancreatic ductal adenocarcinoma	1	GSM8514544	1	0.998234255444379	1696	0.05885815185403178	0.13949381989405532	0.055915244261330196	0.002942907592701589	0.0011771630370806356	0.053560918187168925	0.023543260741612712	0.03001765744555621	0.04061212477928193	0.01883460859329017	0.00529723366686286	0.002354326074161271	0.03708063566804003	0.0005885815185403178	0.2672160094173043	0.0005885815185403178	0.0017657445556209534	0.002354326074161271	0.02766333137139494	0.1918775750441436	0.16009417304296644	0.4714537963507946	0.007651559741024131	0.13419658622719247	0.015891701000588582	0.00824014125956445	0.030606238964096526	0.00529723366686286	0.022954679223072396	0.04473219540906415	1.0	1.0	1	212.0	248.0	1.0	5	6	6	1699	1699	4992	36601	30	30	1699	GSM8514544_VI_113_4	NA	1	55.80000000000001	59.0	724.6000000000001	1064.2000000000007	Frozen	frozen	0	complete	1	pancreas	tumor	tumor	1.0	pdac16	B	1	1	0.0
																		0		1	pancreatic ductal adenocarcinoma	1	GSM8514545	1																																			0														GSM8514545_VI_114_1	NA						Frozen	frozen	0	incomplete		pancreas	lymph node	lymph_node		pdac17	A			
1.0	5	5	5	1.0	7	7	7	1.0	3	3	3	1.0	9	9	9	115	44	1	1.0	1	pancreatic ductal adenocarcinoma	1	GSM8514546	1	0.9988186650915535	1691	0.20200826934435911	0.5121086828115771	0.12108682811577082	0.03721204961606615	0.03898405197873597	0.3006497341996456	0.11340815121086828	0.12876550502067335	0.13171884229178973	0.2965150620200827	0.14116952155936208	0.010632014176018901	0.11222681630242173	0.03071470761961016	0.8913171884229178	0.07855877141169522	0.034258712344949795	0.04666272888363851	0.37920850561134084	0.6391021854695806	0.6869462492616657	0.9320732427643237	0.0318960425280567	0.27406969875959836	0.0383933845245127	0.1772002362669817	0.23626698168930893	0.027170702894270527	0.47430596574128764	0.35853514471352627	1.0	1.0	1	1415.0	2468.0	1.0	6	6	6	1693	1693	4992	36601	30	30	1693	GSM8514546_VI_114_2	NA	1	609.6	835.2	3811.3999999999996	10733.0	Frozen	frozen	0	complete	1	pancreas	tumor	tumor	1.0	pdac18	B	1	1	0.0
1.0	5	5	5	1.0	7	7	7	1.0	3	3	3	1.0	6	9	9	126	71	1	1.0	1	pancreatic ductal adenocarcinoma	1	GSM8514547	1	0.985594237695078	2463	0.13845538215286116	0.37254901960784315	0.0740296118447379	0.040016006402561026	0.012805122048819529	0.15606242496998798	0.1056422569027611	0.11404561824729892	0.11564625850340136	0.062424969987995196	0.04361744697879152	0.007202881152460984	0.06082432973189276	0.037615046018407365	0.8167266906762705	0.006802721088435374	0.0024009603841536613	0.05402160864345738	0.12805122048819528	0.553421368547419	0.550220088035214	0.7859143657462985	0.01520608243297319	0.2148859543817527	0.040016006402561026	0.028411364545818326	0.09843937575030012	0.008003201280512205	0.09963985594237695	0.2424969987995198	1.0	1.0	1	745.0	1175.0	1.0	5	6	6	2499	2499	4992	36601	30	30	2499	GSM8514547_VI_114_3	NA	1	359.0	486.0	1843.400000000002	4108.0	Frozen	frozen	0	complete	1	pancreas	tumor	tumor	1.0	pdac19	C	1	1	0.0
1.0	2	5	5	1.0	4	7	7	1.0	3	3	3	1.0	5	9	9	128	65	1	1.0	1	pancreatic ductal adenocarcinoma	1	GSM8514548	1	0.9938650306748467	3402	0.06748466257668712	0.08968740870581361	0.010809231668127374	0.005550686532281624	0.004674262342973999	0.03593339176161262	0.013146362839614373	0.022202746129126497	0.03242769500438212	0.014899211218229623	0.009348524685947998	0.0023371311714869996	0.013438504236050247	0.0058428279287175	0.5223488168273445	0.001460706982179375	0.0008764241893076249	0.004674262342973999	0.09319310546304412	0.2182296231375986	0.1831726555652936	0.5106631609699095	0.004966403739409875	0.03710195734735612	0.007303534910896874	0.004966403739409875	0.035056967572304996	0.0005842827928717499	0.28659070990359337	0.08384458077709611	1.0	1.0	1	377.0	478.0	1.0	4	6	6	3423	3423	4992	36601	30	30	3423	GSM8514548_VI_114_4	NA	1	192.0	222.20000000000005	1157.8000000000002	1989.0	Frozen	frozen	0	complete	1	pancreas	tumor	tumor	1.0	pdac20	A	1	1	0.0
1.0	1	5	5	1.0	4	7	7	1.0	2	3	3	0.6666666666666666	3	6	9	119	58	1	1.0	1	pancreatic ductal adenocarcinoma	1	GSM8514549	1	0.9967571949736522	2459	0.02229428455614106	0.009728415079043373	0.0012160518848804217	0.0032428050263477908	0.0008107012565869477	0.010133765707336847	0.0032428050263477908	0.0036481556546412645	0.015403323875152006	0.004053506282934738	0.00040535062829347385	0.00040535062829347385	0.0064856100526955816	0.00040535062829347385	0.2882042967166599	0.0	0.0	0.0044588569112282124	0.02553708958248885	0.10903931901094446	0.09850020267531415	0.25537089582488853	0.0	0.012971220105391163	0.0016214025131738954	0.00040535062829347385	0.004864207539521687	0.00040535062829347385	0.07053100932306446	0.04823672476692339	1.0	0.9	1	154.0	177.0	1.0	1	6	6	2467	2467	4992	36601	27	30	2467	GSM8514549_VI_115_1	NA	0	48.0	51.0	734.4000000000001	1155.8000000000006	Frozen	frozen	0	complete	1	pancreas	tumor	tumor	1.0	pdac21	A	0	1	0.0008107012565869477
1.0	5	5	5	1.0	4	7	7	1.0	3	3	3	1.0	5	9	9	113	49	1	1.0	1	pancreatic ductal adenocarcinoma	1	GSM8514550	1	0.9938271604938271	1449	0.017146776406035666	0.09327846364883402	0.015089163237311385	0.0027434842249657062	0.021262002743484224	0.07613168724279835	0.01783264746227709	0.029492455418381344	0.010973936899862825	0.062414266117969824	0.0541838134430727	0.0	0.006172839506172839	0.0027434842249657062	0.26337448559670784	0.0054869684499314125	0.00823045267489712	0.0075445816186556925	0.01577503429355281	0.13511659807956103	0.14060356652949246	0.2626886145404664	0.003429355281207133	0.045953360768175584	0.004801097393689987	0.06172839506172839	0.025377229080932786	0.0027434842249657062	0.012345679012345678	0.04183813443072702	1.0	0.9666666666666667	1	121.5	143.0	0.8333333333333334	3	5	6	1458	1458	4992	36601	29	30	1458	GSM8514550_VI_115_2	NA	1	26.0	27.0	423.29999999999995	604.5999999999999	Frozen	frozen	0	complete	1	pancreas	tumor	tumor	1.0	pdac22	B	1	1	0.0
1.0	4	5	5	1.0	7	7	7	1.0	3	3	3	1.0	5	9	9	126	65	1	1.0	1	pancreatic ductal adenocarcinoma	1	GSM8514551	1	0.989572822065254	2942	0.18970736629667004	0.06357214934409687	0.014127144298688193	0.011436259670366633	0.009418096199125462	0.15573494786411032	0.03498150016818029	0.05280861083081063	0.10662630339724184	0.09418096199125463	0.05617221661621258	0.0016818028927009755	0.09216279852001345	0.012108980827447022	0.9458459468550285	0.007063572149344097	0.0013454423141607804	0.010427177934746047	0.15102589976454758	0.7023208879919274	0.6596030945173226	0.9690548267743021	0.0020181634712411706	0.07635385132862428	0.029599730911537166	0.020854355869492094	0.3837874201143626	0.003363605785401951	0.3562058526740666	0.5815674402959973	1.0	1.0	1	1662.0	3408.0	1.0	5	6	6	2973	2973	4992	36601	30	30	2973	GSM8514551_VI_115_3	NA	1	914.2	1556.8	3319.6000000000004	9188.000000000005	Frozen	frozen	0	complete	1	pancreas	tumor	tumor	1.0	pdac23	C	1	1	0.0
1.0	4	5	5	1.0	6	7	7	1.0	2	3	3	1.0	6	9	9	112	54	1	1.0	1	pancreatic ductal adenocarcinoma	1	GSM8514552	1	0.9767801857585139	1893	0.2930856553147575	0.3106295149638803	0.03611971104231166	0.0041279669762641896	0.009287925696594427	0.09649122807017543	0.053663570691434466	0.07739938080495357	0.05056759545923633	0.01393188854489164	0.030959752321981424	0.0	0.033539731682146544	0.014447884416924664	0.7879256965944272	0.014447884416924664	0.0010319917440660474	0.012899896800825593	0.1042311661506708	0.4742002063983488	0.34055727554179566	0.8431372549019608	0.003611971104231166	0.13364293085655315	0.014963880288957688	0.030959752321981424	0.007739938080495356	0.0020639834881320948	0.21929824561403508	0.07430340557275542	1.0	0.9666666666666667	1	1255.0	1739.0	0.8333333333333334	5	5	6	1938	1938	4992	36601	29	30	1938	GSM8514552_VI_115_4	NA	1	650.7	795.7	2249.0	3628.8999999999996	Frozen	frozen	0	complete	1	pancreas	tumor	tumor	1.0	pdac24	A	1	1	0.0
1.0	5	5	5	1.0	7	7	7	1.0	3	3	3	1.0	9	9	9	92	50	1	1.0	1	pancreatic ductal adenocarcinoma	1	GSM8514553	1	0.996551724137931	1445	0.25103448275862067	0.6537931034482759	0.20758620689655172	0.06689655172413793	0.3627586206896552	0.713103448275862	0.38620689655172413	0.3393103448275862	0.1986206896551724	0.5696551724137932	0.5213793103448275	0.004137931034482759	0.09034482758620689	0.08068965517241379	0.9724137931034482	0.3696551724137931	0.14206896551724138	0.05931034482758621	0.39241379310344826	0.8951724137931034	0.7979310344827586	0.9806896551724138	0.034482758620689655	0.46206896551724136	0.032413793103448274	0.5351724137931034	0.43310344827586206	0.07241379310344828	0.6510344827586206	0.4882758620689655	1.0	1.0	1	2321.5	4876.0	1.0	5	6	6	1450	1450	4992	36601	30	30	1450	GSM8514553_VI_116_1	NA	1	1159.9	1924.0	4894.400000000001	14224.900000000009	Frozen	frozen	0	complete	1	pancreas	tumor	tumor	1.0	pdac25	A	1	1	0.0
																		0		1	pancreatic ductal adenocarcinoma	0	GSM8514554	1																																			0														GSM8514554_VI_116_2	NA						Frozen	frozen	0	incomplete		pancreas	tumor	tumor		pdac26	A			
1.0	5	5	5	1.0	6	7	7	1.0	3	3	3	1.0	6	9	9	125	73	1	1.0	1	pancreatic ductal adenocarcinoma	1	GSM8514555	1	0.9879175550817342	2780	0.07036247334754797	0.3304904051172708	0.04051172707889126	0.01279317697228145	0.013148542999289269	0.10092395167022032	0.07924662402274342	0.07036247334754797	0.06538734896943853	0.03482587064676617	0.03447050461975835	0.0042643923240938165	0.0216773276474769	0.015636105188343994	0.8532338308457711	0.022388059701492536	0.007818052594171997	0.005330490405117271	0.1631130063965885	0.3784648187633262	0.40191897654584224	0.7590618336886994	0.0042643923240938165	0.08493248045486851	0.016702203269367447	0.02736318407960199	0.028073916133617625	0.008884150675195452	0.2484008528784648	0.14498933901918976	1.0	1.0	1	841.5	1146.5	1.0	5	6	6	2814	2814	4992	36601	30	30	2814	GSM8514555_VI_116_3	NA	1	414.0	500.6	2133.7000000000003	3859.2000000000044	Frozen	frozen	0	complete	1	pancreas	tumor	tumor	1.0	pdac27	C	1	1	0.0
1.0	5	5	5	1.0	6	7	7	1.0	3	3	3	1.0	9	9	9	86	55	1	1.0	1	pancreatic ductal adenocarcinoma	1	GSM8514556	1	0.9777942264988897	1321	0.08734270910436713	0.5780903034789046	0.16210214655810512	0.0458919319022946	0.3686158401184308	0.5529237601776462	0.1998519615099926	0.21317542561065878	0.12213175425610659	0.5521835677276091	0.32790525536639525	0.0051813471502590676	0.06513693560325684	0.02072538860103627	0.6535899333826795	0.2908956328645448	0.08882309400444116	0.005921539600296077	0.16358253145817914	0.5951147298297558	0.616580310880829	0.923019985196151	0.025906735751295335	0.26424870466321243	0.05699481865284974	0.5477424130273871	0.20651369356032567	0.04071058475203553	0.11472982975573649	0.17320503330866024	1.0	1.0	1	716.0	1007.0	1.0	5	6	6	1351	1351	4992	36601	30	30	1351	GSM8514556_VI_116_4	NA	1	332.0	402.0	2311.0	4593.0	Frozen	frozen	0	complete	1	pancreas	lymph node	lymph_node	1.0	pdac28	A	0	0	0.0
