gsm	title	tissue_class	sample_type_norm	program	gene	tissue_detection_fraction
GSM8514529	pdac1	lymph_node	ffpe	DC_core	FCER1A	0.00441257584114727
GSM8514529	pdac1	lymph_node	ffpe	DC_core	CLEC10A	0.07115278543849972
GSM8514529	pdac1	lymph_node	ffpe	DC_core	CD1C	0.02978488692774407
GSM8514529	pdac1	lymph_node	ffpe	DC_core	CST3	0.2774407060121346
GSM8514529	pdac1	lymph_node	ffpe	DC_core	HLA-DRA	0.4031991174848318
GSM8514529	pdac1	lymph_node	ffpe	DC_core	HLA-DPA1	0.29509100937672367
GSM8514529	pdac1	lymph_node	ffpe	DC_core	HLA-DPB1	0.26806398234969664
GSM8514529	pdac1	lymph_node	ffpe	mregDC_strict	LAMP3	0.015444015444015444
GSM8514529	pdac1	lymph_node	ffpe	mregDC_strict	FSCN1	0.03750689464975179
GSM8514529	pdac1	lymph_node	ffpe	mregDC_strict	CCR7	0.1141753998896856
GSM8514529	pdac1	lymph_node	ffpe	mregDC_strict	CCL19	0.12630998345284059
GSM8514529	pdac1	lymph_node	ffpe	mregDC_strict	CD80	0.012134583563154992
GSM8514529	pdac1	lymph_node	ffpe	mregDC_strict	CD86	0.03143960286817429
GSM8514529	pdac1	lymph_node	ffpe	Tfh_like	CD3D	0.10369553226696084
GSM8514529	pdac1	lymph_node	ffpe	Tfh_like	CD3E	0.1075565361279647
GSM8514529	pdac1	lymph_node	ffpe	Tfh_like	CD4	0.07611693325979041
GSM8514529	pdac1	lymph_node	ffpe	Tfh_like	CXCR5	0.07115278543849972
GSM8514529	pdac1	lymph_node	ffpe	Tfh_like	PDCD1	0.00827357970215113
GSM8514529	pdac1	lymph_node	ffpe	Tfh_like	ICOS	0.011031439602868174
GSM8514529	pdac1	lymph_node	ffpe	Tfh_like	BCL6	0.1891891891891892
GSM8514529	pdac1	lymph_node	ffpe	Tfh_like	IL7R	0.19801434087148373
GSM8514529	pdac1	lymph_node	ffpe	Tfh_like	CXCL13	0.06508549365692223
GSM8514529	pdac1	lymph_node	ffpe	B_cell_strict	MS4A1	0.1897407611693326
GSM8514529	pdac1	lymph_node	ffpe	B_cell_strict	CD79A	0.15388858246001103
GSM8514529	pdac1	lymph_node	ffpe	B_cell_strict	CD79B	0.13072255929398788
GSM8514529	pdac1	lymph_node	ffpe	B_cell_strict	CD22	0.138996138996139
GSM8514529	pdac1	lymph_node	ffpe	B_cell_strict	CD37	0.3524544953116382
GSM8514529	pdac1	lymph_node	ffpe	Plasma_cell	MZB1	0.09376723662437948
GSM8514529	pdac1	lymph_node	ffpe	Plasma_cell	SDC1	0.02040816326530612
GSM8514529	pdac1	lymph_node	ffpe	Plasma_cell	XBP1	0.2675124103695532
GSM8514530	pdac2	tumor	ffpe	DC_core	FCER1A	0.009792401096748922
GSM8514530	pdac2	tumor	ffpe	DC_core	CLEC10A	0.07168037602820211
GSM8514530	pdac2	tumor	ffpe	DC_core	CD1C	0.009792401096748922
GSM8514530	pdac2	tumor	ffpe	DC_core	CST3	0.763023893458676
GSM8514530	pdac2	tumor	ffpe	DC_core	HLA-DRA	0.7896592244418331
GSM8514530	pdac2	tumor	ffpe	DC_core	HLA-DPA1	0.5624755189972581
GSM8514530	pdac2	tumor	ffpe	DC_core	HLA-DPB1	0.5754014884449667
GSM8514530	pdac2	tumor	ffpe	mregDC_strict	LAMP3	0.05052878965922444
GSM8514530	pdac2	tumor	ffpe	mregDC_strict	FSCN1	0.25773599686643167
GSM8514530	pdac2	tumor	ffpe	mregDC_strict	CCR7	0.07128867998433217
GSM8514530	pdac2	tumor	ffpe	mregDC_strict	CCL19	0.3732863298080689
GSM8514530	pdac2	tumor	ffpe	mregDC_strict	CD80	0.033685859772816296
GSM8514530	pdac2	tumor	ffpe	mregDC_strict	CD86	0.10654132393262829
GSM8514530	pdac2	tumor	ffpe	Tfh_like	CD3D	0.1410105757931845
GSM8514530	pdac2	tumor	ffpe	Tfh_like	CD3E	0.13474343909126518
GSM8514530	pdac2	tumor	ffpe	Tfh_like	CD4	0.10810810810810811
GSM8514530	pdac2	tumor	ffpe	Tfh_like	CXCR5	0.015667841754798278
GSM8514530	pdac2	tumor	ffpe	Tfh_like	PDCD1	0.030943987465726595
GSM8514530	pdac2	tumor	ffpe	Tfh_like	ICOS	0.04308656482569526
GSM8514530	pdac2	tumor	ffpe	Tfh_like	BCL6	0.45436741088915
GSM8514530	pdac2	tumor	ffpe	Tfh_like	IL7R	0.2773207990599295
GSM8514530	pdac2	tumor	ffpe	Tfh_like	CXCL13	0.14688601645123384
GSM8514530	pdac2	tumor	ffpe	B_cell_strict	MS4A1	0.11084998041519781
GSM8514530	pdac2	tumor	ffpe	B_cell_strict	CD79A	0.10419114766940854
GSM8514530	pdac2	tumor	ffpe	B_cell_strict	CD79B	0.06737171954563259
GSM8514530	pdac2	tumor	ffpe	B_cell_strict	CD22	0.06345475910693302
GSM8514530	pdac2	tumor	ffpe	B_cell_strict	CD37	0.3176654915785351
GSM8514530	pdac2	tumor	ffpe	Plasma_cell	MZB1	0.1320015667841755
GSM8514530	pdac2	tumor	ffpe	Plasma_cell	SDC1	0.21151586368977673
GSM8514530	pdac2	tumor	ffpe	Plasma_cell	XBP1	0.63572267920094
GSM8514531	pdac3	lymph_node	ffpe	DC_core	FCER1A	0.0
GSM8514531	pdac3	lymph_node	ffpe	DC_core	CLEC10A	0.02840520191649555
GSM8514531	pdac3	lymph_node	ffpe	DC_core	CD1C	0.0027378507871321013
GSM8514531	pdac3	lymph_node	ffpe	DC_core	CST3	0.26899383983572894
GSM8514531	pdac3	lymph_node	ffpe	DC_core	HLA-DRA	0.23100616016427106
GSM8514531	pdac3	lymph_node	ffpe	DC_core	HLA-DPA1	0.06023271731690623
GSM8514531	pdac3	lymph_node	ffpe	DC_core	HLA-DPB1	0.037987679671457907
GSM8514531	pdac3	lymph_node	ffpe	mregDC_strict	LAMP3	0.003080082135523614
GSM8514531	pdac3	lymph_node	ffpe	mregDC_strict	FSCN1	0.09924709103353867
GSM8514531	pdac3	lymph_node	ffpe	mregDC_strict	CCR7	0.01574264202600958
GSM8514531	pdac3	lymph_node	ffpe	mregDC_strict	CCL19	0.25770020533880905
GSM8514531	pdac3	lymph_node	ffpe	mregDC_strict	CD80	0.00034223134839151266
GSM8514531	pdac3	lymph_node	ffpe	mregDC_strict	CD86	0.0013689253935660506
GSM8514531	pdac3	lymph_node	ffpe	Tfh_like	CD3D	0.06091718001368925
GSM8514531	pdac3	lymph_node	ffpe	Tfh_like	CD3E	0.021560574948665298
GSM8514531	pdac3	lymph_node	ffpe	Tfh_like	CD4	0.006844626967830253
GSM8514531	pdac3	lymph_node	ffpe	Tfh_like	CXCR5	0.0034223134839151265
GSM8514531	pdac3	lymph_node	ffpe	Tfh_like	PDCD1	0.0006844626967830253
GSM8514531	pdac3	lymph_node	ffpe	Tfh_like	ICOS	0.00034223134839151266
GSM8514531	pdac3	lymph_node	ffpe	Tfh_like	BCL6	0.0944558521560575
GSM8514531	pdac3	lymph_node	ffpe	Tfh_like	IL7R	0.0037645448323066393
GSM8514531	pdac3	lymph_node	ffpe	Tfh_like	CXCL13	0.020191649555099247
GSM8514531	pdac3	lymph_node	ffpe	B_cell_strict	MS4A1	0.001026694045174538
GSM8514531	pdac3	lymph_node	ffpe	B_cell_strict	CD79A	0.0027378507871321013
GSM8514531	pdac3	lymph_node	ffpe	B_cell_strict	CD79B	0.02087611225188227
GSM8514531	pdac3	lymph_node	ffpe	B_cell_strict	CD22	0.0027378507871321013
GSM8514531	pdac3	lymph_node	ffpe	B_cell_strict	CD37	0.14407939767282682
GSM8514531	pdac3	lymph_node	ffpe	Plasma_cell	MZB1	0.12628336755646818
GSM8514531	pdac3	lymph_node	ffpe	Plasma_cell	SDC1	0.035249828884325804
GSM8514531	pdac3	lymph_node	ffpe	Plasma_cell	XBP1	0.6084873374401095
GSM8514532	pdac4	tumor	ffpe	DC_core	FCER1A	0.008036739380022962
GSM8514532	pdac4	tumor	ffpe	DC_core	CLEC10A	0.011863758132414848
GSM8514532	pdac4	tumor	ffpe	DC_core	CD1C	0.010332950631458095
GSM8514532	pdac4	tumor	ffpe	DC_core	CST3	0.14313050133945657
GSM8514532	pdac4	tumor	ffpe	DC_core	HLA-DRA	0.2751626482969767
GSM8514532	pdac4	tumor	ffpe	DC_core	HLA-DPA1	0.22388059701492538
GSM8514532	pdac4	tumor	ffpe	DC_core	HLA-DPB1	0.1549942594718714
GSM8514532	pdac4	tumor	ffpe	mregDC_strict	LAMP3	0.012246460007654038
GSM8514532	pdac4	tumor	ffpe	mregDC_strict	FSCN1	0.006505931879066207
GSM8514532	pdac4	tumor	ffpe	mregDC_strict	CCR7	0.028319938767699962
GSM8514532	pdac4	tumor	ffpe	mregDC_strict	CCL19	0.1251435132032147
GSM8514532	pdac4	tumor	ffpe	mregDC_strict	CD80	0.02564102564102564
GSM8514532	pdac4	tumor	ffpe	mregDC_strict	CD86	0.02066590126291619
GSM8514532	pdac4	tumor	ffpe	Tfh_like	CD3D	0.03444316877152698
GSM8514532	pdac4	tumor	ffpe	Tfh_like	CD3E	0.027937236892460773
GSM8514532	pdac4	tumor	ffpe	Tfh_like	CD4	0.02870264064293915
GSM8514532	pdac4	tumor	ffpe	Tfh_like	CXCR5	0.011098354381936472
GSM8514532	pdac4	tumor	ffpe	Tfh_like	PDCD1	0.012246460007654038
GSM8514532	pdac4	tumor	ffpe	Tfh_like	ICOS	0.009567546880979716
GSM8514532	pdac4	tumor	ffpe	Tfh_like	BCL6	0.06582472254114045
GSM8514532	pdac4	tumor	ffpe	Tfh_like	IL7R	0.11442786069651742
GSM8514532	pdac4	tumor	ffpe	Tfh_like	CXCL13	0.05128205128205128
GSM8514532	pdac4	tumor	ffpe	B_cell_strict	MS4A1	0.02602372751626483
GSM8514532	pdac4	tumor	ffpe	B_cell_strict	CD79A	0.026789131266743208
GSM8514532	pdac4	tumor	ffpe	B_cell_strict	CD79B	0.03788748564867968
GSM8514532	pdac4	tumor	ffpe	B_cell_strict	CD22	0.04554152315346345
GSM8514532	pdac4	tumor	ffpe	B_cell_strict	CD37	0.06735553004209721
GSM8514532	pdac4	tumor	ffpe	Plasma_cell	MZB1	0.016456180635285114
GSM8514532	pdac4	tumor	ffpe	Plasma_cell	SDC1	0.013777267508610792
GSM8514532	pdac4	tumor	ffpe	Plasma_cell	XBP1	0.07883658629927287
GSM8514533	pdac5	tumor	ffpe	DC_core	FCER1A	0.009538461538461539
GSM8514533	pdac5	tumor	ffpe	DC_core	CLEC10A	0.05969230769230769
GSM8514533	pdac5	tumor	ffpe	DC_core	CD1C	0.006461538461538461
GSM8514533	pdac5	tumor	ffpe	DC_core	CST3	0.3563076923076923
GSM8514533	pdac5	tumor	ffpe	DC_core	HLA-DRA	0.4553846153846154
GSM8514533	pdac5	tumor	ffpe	DC_core	HLA-DPA1	0.3356923076923077
GSM8514533	pdac5	tumor	ffpe	DC_core	HLA-DPB1	0.34276923076923077
GSM8514533	pdac5	tumor	ffpe	mregDC_strict	LAMP3	0.017538461538461537
GSM8514533	pdac5	tumor	ffpe	mregDC_strict	FSCN1	0.06153846153846154
GSM8514533	pdac5	tumor	ffpe	mregDC_strict	CCR7	0.01353846153846154
GSM8514533	pdac5	tumor	ffpe	mregDC_strict	CCL19	0.10430769230769231
GSM8514533	pdac5	tumor	ffpe	mregDC_strict	CD80	0.009230769230769232
GSM8514533	pdac5	tumor	ffpe	mregDC_strict	CD86	0.015692307692307693
GSM8514533	pdac5	tumor	ffpe	Tfh_like	CD3D	0.043076923076923075
GSM8514533	pdac5	tumor	ffpe	Tfh_like	CD3E	0.044307692307692305
GSM8514533	pdac5	tumor	ffpe	Tfh_like	CD4	0.06707692307692308
GSM8514533	pdac5	tumor	ffpe	Tfh_like	CXCR5	0.002769230769230769
GSM8514533	pdac5	tumor	ffpe	Tfh_like	PDCD1	0.0043076923076923075
GSM8514533	pdac5	tumor	ffpe	Tfh_like	ICOS	0.009846153846153846
GSM8514533	pdac5	tumor	ffpe	Tfh_like	BCL6	0.23723076923076922
GSM8514533	pdac5	tumor	ffpe	Tfh_like	IL7R	0.05692307692307692
GSM8514533	pdac5	tumor	ffpe	Tfh_like	CXCL13	0.008307692307692308
GSM8514533	pdac5	tumor	ffpe	B_cell_strict	MS4A1	0.007076923076923077
GSM8514533	pdac5	tumor	ffpe	B_cell_strict	CD79A	0.01323076923076923
GSM8514533	pdac5	tumor	ffpe	B_cell_strict	CD79B	0.016923076923076923
GSM8514533	pdac5	tumor	ffpe	B_cell_strict	CD22	0.008
GSM8514533	pdac5	tumor	ffpe	B_cell_strict	CD37	0.12492307692307693
GSM8514533	pdac5	tumor	ffpe	Plasma_cell	MZB1	0.05261538461538461
GSM8514533	pdac5	tumor	ffpe	Plasma_cell	SDC1	0.14215384615384616
GSM8514533	pdac5	tumor	ffpe	Plasma_cell	XBP1	0.5476923076923077
GSM8514534	pdac6	tumor	ffpe	DC_core	FCER1A	0.022874701263229772
GSM8514534	pdac6	tumor	ffpe	DC_core	CLEC10A	0.46432229429839533
GSM8514534	pdac6	tumor	ffpe	DC_core	CD1C	0.02799590303857972
GSM8514534	pdac6	tumor	ffpe	DC_core	CST3	0.8115397746671219
GSM8514534	pdac6	tumor	ffpe	DC_core	HLA-DRA	0.9262546944349608
GSM8514534	pdac6	tumor	ffpe	DC_core	HLA-DPA1	0.8709457152611813
GSM8514534	pdac6	tumor	ffpe	DC_core	HLA-DPB1	0.8880163878456812
GSM8514534	pdac6	tumor	ffpe	mregDC_strict	LAMP3	0.21577330146807785
GSM8514534	pdac6	tumor	ffpe	mregDC_strict	FSCN1	0.18504609081597814
GSM8514534	pdac6	tumor	ffpe	mregDC_strict	CCR7	0.33185387504267666
GSM8514534	pdac6	tumor	ffpe	mregDC_strict	CCL19	0.7118470467736429
GSM8514534	pdac6	tumor	ffpe	mregDC_strict	CD80	0.2608398770911574
GSM8514534	pdac6	tumor	ffpe	mregDC_strict	CD86	0.37692045066575625
GSM8514534	pdac6	tumor	ffpe	Tfh_like	CD3D	0.5903038579720041
GSM8514534	pdac6	tumor	ffpe	Tfh_like	CD3E	0.5213383407306248
GSM8514534	pdac6	tumor	ffpe	Tfh_like	CD4	0.5944008193922841
GSM8514534	pdac6	tumor	ffpe	Tfh_like	CXCR5	0.09354728576305907
GSM8514534	pdac6	tumor	ffpe	Tfh_like	PDCD1	0.13349265961078866
GSM8514534	pdac6	tumor	ffpe	Tfh_like	ICOS	0.27074086719016727
GSM8514534	pdac6	tumor	ffpe	Tfh_like	BCL6	0.5479685899624446
GSM8514534	pdac6	tumor	ffpe	Tfh_like	IL7R	0.7190167292591328
GSM8514534	pdac6	tumor	ffpe	Tfh_like	CXCL13	0.48548992830317517
GSM8514534	pdac6	tumor	ffpe	B_cell_strict	MS4A1	0.3690679412768863
GSM8514534	pdac6	tumor	ffpe	B_cell_strict	CD79A	0.5076818026630249
GSM8514534	pdac6	tumor	ffpe	B_cell_strict	CD79B	0.20348241720723798
GSM8514534	pdac6	tumor	ffpe	B_cell_strict	CD22	0.21679754182314784
GSM8514534	pdac6	tumor	ffpe	B_cell_strict	CD37	0.7681802663024924
GSM8514534	pdac6	tumor	ffpe	Plasma_cell	MZB1	0.5872311369067942
GSM8514534	pdac6	tumor	ffpe	Plasma_cell	SDC1	0.26732673267326734
GSM8514534	pdac6	tumor	ffpe	Plasma_cell	XBP1	0.8490952543530215
GSM8514535	pdac7	tumor	ffpe	DC_core	FCER1A	0.026642628205128204
GSM8514535	pdac7	tumor	ffpe	DC_core	CLEC10A	0.08974358974358974
GSM8514535	pdac7	tumor	ffpe	DC_core	CD1C	0.019230769230769232
GSM8514535	pdac7	tumor	ffpe	DC_core	CST3	0.7271634615384616
GSM8514535	pdac7	tumor	ffpe	DC_core	HLA-DRA	0.7956730769230769
GSM8514535	pdac7	tumor	ffpe	DC_core	HLA-DPA1	0.6306089743589743
GSM8514535	pdac7	tumor	ffpe	DC_core	HLA-DPB1	0.7009214743589743
GSM8514535	pdac7	tumor	ffpe	mregDC_strict	LAMP3	0.06470352564102565
GSM8514535	pdac7	tumor	ffpe	mregDC_strict	FSCN1	0.11638621794871795
GSM8514535	pdac7	tumor	ffpe	mregDC_strict	CCR7	0.07311698717948718
GSM8514535	pdac7	tumor	ffpe	mregDC_strict	CCL19	0.2904647435897436
GSM8514535	pdac7	tumor	ffpe	mregDC_strict	CD80	0.07051282051282051
GSM8514535	pdac7	tumor	ffpe	mregDC_strict	CD86	0.1252003205128205
GSM8514535	pdac7	tumor	ffpe	Tfh_like	CD3D	0.19571314102564102
GSM8514535	pdac7	tumor	ffpe	Tfh_like	CD3E	0.16626602564102563
GSM8514535	pdac7	tumor	ffpe	Tfh_like	CD4	0.19751602564102563
GSM8514535	pdac7	tumor	ffpe	Tfh_like	CXCR5	0.023036858974358976
GSM8514535	pdac7	tumor	ffpe	Tfh_like	PDCD1	0.043068910256410256
GSM8514535	pdac7	tumor	ffpe	Tfh_like	ICOS	0.036258012820512824
GSM8514535	pdac7	tumor	ffpe	Tfh_like	BCL6	0.23838141025641027
GSM8514535	pdac7	tumor	ffpe	Tfh_like	IL7R	0.2798477564102564
GSM8514535	pdac7	tumor	ffpe	Tfh_like	CXCL13	0.20232371794871795
GSM8514535	pdac7	tumor	ffpe	B_cell_strict	MS4A1	0.10797275641025642
GSM8514535	pdac7	tumor	ffpe	B_cell_strict	CD79A	0.16045673076923078
GSM8514535	pdac7	tumor	ffpe	B_cell_strict	CD79B	0.08012820512820513
GSM8514535	pdac7	tumor	ffpe	B_cell_strict	CD22	0.07672275641025642
GSM8514535	pdac7	tumor	ffpe	B_cell_strict	CD37	0.38000801282051283
GSM8514535	pdac7	tumor	ffpe	Plasma_cell	MZB1	0.21975160256410256
GSM8514535	pdac7	tumor	ffpe	Plasma_cell	SDC1	0.18389423076923078
GSM8514535	pdac7	tumor	ffpe	Plasma_cell	XBP1	0.6392227564102564
GSM8514536	pdac8	tumor	ffpe	DC_core	FCER1A	0.22108433734939759
GSM8514536	pdac8	tumor	ffpe	DC_core	CLEC10A	0.3093373493975904
GSM8514536	pdac8	tumor	ffpe	DC_core	CD1C	0.07740963855421687
GSM8514536	pdac8	tumor	ffpe	DC_core	CST3	0.9572289156626506
GSM8514536	pdac8	tumor	ffpe	DC_core	HLA-DRA	0.9578313253012049
GSM8514536	pdac8	tumor	ffpe	DC_core	HLA-DPA1	0.897289156626506
GSM8514536	pdac8	tumor	ffpe	DC_core	HLA-DPB1	0.8954819277108433
GSM8514536	pdac8	tumor	ffpe	mregDC_strict	LAMP3	0.13704819277108435
GSM8514536	pdac8	tumor	ffpe	mregDC_strict	FSCN1	0.2463855421686747
GSM8514536	pdac8	tumor	ffpe	mregDC_strict	CCR7	0.16987951807228915
GSM8514536	pdac8	tumor	ffpe	mregDC_strict	CCL19	0.555421686746988
GSM8514536	pdac8	tumor	ffpe	mregDC_strict	CD80	0.0746987951807229
GSM8514536	pdac8	tumor	ffpe	mregDC_strict	CD86	0.18825301204819278
GSM8514536	pdac8	tumor	ffpe	Tfh_like	CD3D	0.3686746987951807
GSM8514536	pdac8	tumor	ffpe	Tfh_like	CD3E	0.34427710843373494
GSM8514536	pdac8	tumor	ffpe	Tfh_like	CD4	0.3894578313253012
GSM8514536	pdac8	tumor	ffpe	Tfh_like	CXCR5	0.023493975903614458
GSM8514536	pdac8	tumor	ffpe	Tfh_like	PDCD1	0.07228915662650602
GSM8514536	pdac8	tumor	ffpe	Tfh_like	ICOS	0.05602409638554217
GSM8514536	pdac8	tumor	ffpe	Tfh_like	BCL6	0.6316265060240964
GSM8514536	pdac8	tumor	ffpe	Tfh_like	IL7R	0.6054216867469879
GSM8514536	pdac8	tumor	ffpe	Tfh_like	CXCL13	0.05421686746987952
GSM8514536	pdac8	tumor	ffpe	B_cell_strict	MS4A1	0.05903614457831325
GSM8514536	pdac8	tumor	ffpe	B_cell_strict	CD79A	0.07680722891566265
GSM8514536	pdac8	tumor	ffpe	B_cell_strict	CD79B	0.0858433734939759
GSM8514536	pdac8	tumor	ffpe	B_cell_strict	CD22	0.08885542168674698
GSM8514536	pdac8	tumor	ffpe	B_cell_strict	CD37	0.5204819277108433
GSM8514536	pdac8	tumor	ffpe	Plasma_cell	MZB1	0.12771084337349398
GSM8514536	pdac8	tumor	ffpe	Plasma_cell	SDC1	0.36716867469879516
GSM8514536	pdac8	tumor	ffpe	Plasma_cell	XBP1	0.9174698795180722
GSM8514537	pdac9	tumor	ffpe	DC_core	FCER1A	0.025526483726866625
GSM8514537	pdac9	tumor	ffpe	DC_core	CLEC10A	0.0398851308232291
GSM8514537	pdac9	tumor	ffpe	DC_core	CD1C	0.014677728142948309
GSM8514537	pdac9	tumor	ffpe	DC_core	CST3	0.9862795149968092
GSM8514537	pdac9	tumor	ffpe	DC_core	HLA-DRA	0.982769623484365
GSM8514537	pdac9	tumor	ffpe	DC_core	HLA-DPA1	0.8806636885768986
GSM8514537	pdac9	tumor	ffpe	DC_core	HLA-DPB1	0.8634333120612636
GSM8514537	pdac9	tumor	ffpe	mregDC_strict	LAMP3	0.08200382897255903
GSM8514537	pdac9	tumor	ffpe	mregDC_strict	FSCN1	0.4645820038289726
GSM8514537	pdac9	tumor	ffpe	mregDC_strict	CCR7	0.03063178047223995
GSM8514537	pdac9	tumor	ffpe	mregDC_strict	CCL19	0.1429483088704531
GSM8514537	pdac9	tumor	ffpe	mregDC_strict	CD80	0.06253988513082323
GSM8514537	pdac9	tumor	ffpe	mregDC_strict	CD86	0.19623484365028718
GSM8514537	pdac9	tumor	ffpe	Tfh_like	CD3D	0.13401403956604976
GSM8514537	pdac9	tumor	ffpe	Tfh_like	CD3E	0.10721123165283983
GSM8514537	pdac9	tumor	ffpe	Tfh_like	CD4	0.3120612635609445
GSM8514537	pdac9	tumor	ffpe	Tfh_like	CXCR5	0.0038289725590299937
GSM8514537	pdac9	tumor	ffpe	Tfh_like	PDCD1	0.009572431397574984
GSM8514537	pdac9	tumor	ffpe	Tfh_like	ICOS	0.018825781748564134
GSM8514537	pdac9	tumor	ffpe	Tfh_like	BCL6	0.4958519463943842
GSM8514537	pdac9	tumor	ffpe	Tfh_like	IL7R	0.21282705807275049
GSM8514537	pdac9	tumor	ffpe	Tfh_like	CXCL13	0.021378430121250798
GSM8514537	pdac9	tumor	ffpe	B_cell_strict	MS4A1	0.007657945118059987
GSM8514537	pdac9	tumor	ffpe	B_cell_strict	CD79A	0.023931078493937462
GSM8514537	pdac9	tumor	ffpe	B_cell_strict	CD79B	0.03158902361199745
GSM8514537	pdac9	tumor	ffpe	B_cell_strict	CD22	0.04307594128908743
GSM8514537	pdac9	tumor	ffpe	B_cell_strict	CD37	0.5306317804722399
GSM8514537	pdac9	tumor	ffpe	Plasma_cell	MZB1	0.0622208040842374
GSM8514537	pdac9	tumor	ffpe	Plasma_cell	SDC1	0.6062539885130823
GSM8514537	pdac9	tumor	ffpe	Plasma_cell	XBP1	0.8254626675175495
GSM8514538	pdac10	lymph_node	ffpe	DC_core	FCER1A	0.0390625
GSM8514538	pdac10	lymph_node	ffpe	DC_core	CLEC10A	0.1686698717948718
GSM8514538	pdac10	lymph_node	ffpe	DC_core	CD1C	0.03465544871794872
GSM8514538	pdac10	lymph_node	ffpe	DC_core	CST3	0.8329326923076923
GSM8514538	pdac10	lymph_node	ffpe	DC_core	HLA-DRA	0.8489583333333334
GSM8514538	pdac10	lymph_node	ffpe	DC_core	HLA-DPA1	0.7616185897435898
GSM8514538	pdac10	lymph_node	ffpe	DC_core	HLA-DPB1	0.735176282051282
GSM8514538	pdac10	lymph_node	ffpe	mregDC_strict	LAMP3	0.0907451923076923
GSM8514538	pdac10	lymph_node	ffpe	mregDC_strict	FSCN1	0.19731570512820512
GSM8514538	pdac10	lymph_node	ffpe	mregDC_strict	CCR7	0.0733173076923077
GSM8514538	pdac10	lymph_node	ffpe	mregDC_strict	CCL19	0.4701522435897436
GSM8514538	pdac10	lymph_node	ffpe	mregDC_strict	CD80	0.06670673076923077
GSM8514538	pdac10	lymph_node	ffpe	mregDC_strict	CD86	0.15985576923076922
GSM8514538	pdac10	lymph_node	ffpe	Tfh_like	CD3D	0.2109375
GSM8514538	pdac10	lymph_node	ffpe	Tfh_like	CD3E	0.15584935897435898
GSM8514538	pdac10	lymph_node	ffpe	Tfh_like	CD4	0.3010817307692308
GSM8514538	pdac10	lymph_node	ffpe	Tfh_like	CXCR5	0.016025641025641024
GSM8514538	pdac10	lymph_node	ffpe	Tfh_like	PDCD1	0.0390625
GSM8514538	pdac10	lymph_node	ffpe	Tfh_like	ICOS	0.024839743589743588
GSM8514538	pdac10	lymph_node	ffpe	Tfh_like	BCL6	0.4753605769230769
GSM8514538	pdac10	lymph_node	ffpe	Tfh_like	IL7R	0.27524038461538464
GSM8514538	pdac10	lymph_node	ffpe	Tfh_like	CXCL13	0.04146634615384615
GSM8514538	pdac10	lymph_node	ffpe	B_cell_strict	MS4A1	0.05268429487179487
GSM8514538	pdac10	lymph_node	ffpe	B_cell_strict	CD79A	0.09835737179487179
GSM8514538	pdac10	lymph_node	ffpe	B_cell_strict	CD79B	0.08473557692307693
GSM8514538	pdac10	lymph_node	ffpe	B_cell_strict	CD22	0.0641025641025641
GSM8514538	pdac10	lymph_node	ffpe	B_cell_strict	CD37	0.36278044871794873
GSM8514538	pdac10	lymph_node	ffpe	Plasma_cell	MZB1	0.12600160256410256
GSM8514538	pdac10	lymph_node	ffpe	Plasma_cell	SDC1	0.3858173076923077
GSM8514538	pdac10	lymph_node	ffpe	Plasma_cell	XBP1	0.7211538461538461
GSM8514539	pdac11	tumor	ffpe	DC_core	FCER1A	0.06712962962962964
GSM8514539	pdac11	tumor	ffpe	DC_core	CLEC10A	0.3273809523809524
GSM8514539	pdac11	tumor	ffpe	DC_core	CD1C	0.03373015873015873
GSM8514539	pdac11	tumor	ffpe	DC_core	CST3	0.9500661375661376
GSM8514539	pdac11	tumor	ffpe	DC_core	HLA-DRA	0.9662698412698413
GSM8514539	pdac11	tumor	ffpe	DC_core	HLA-DPA1	0.8237433862433863
GSM8514539	pdac11	tumor	ffpe	DC_core	HLA-DPB1	0.8429232804232805
GSM8514539	pdac11	tumor	ffpe	mregDC_strict	LAMP3	0.07771164021164022
GSM8514539	pdac11	tumor	ffpe	mregDC_strict	FSCN1	0.10615079365079365
GSM8514539	pdac11	tumor	ffpe	mregDC_strict	CCR7	0.046296296296296294
GSM8514539	pdac11	tumor	ffpe	mregDC_strict	CCL19	0.6845238095238095
GSM8514539	pdac11	tumor	ffpe	mregDC_strict	CD80	0.025793650793650792
GSM8514539	pdac11	tumor	ffpe	mregDC_strict	CD86	0.11342592592592593
GSM8514539	pdac11	tumor	ffpe	Tfh_like	CD3D	0.3445767195767196
GSM8514539	pdac11	tumor	ffpe	Tfh_like	CD3E	0.37202380952380953
GSM8514539	pdac11	tumor	ffpe	Tfh_like	CD4	0.21693121693121692
GSM8514539	pdac11	tumor	ffpe	Tfh_like	CXCR5	0.015542328042328041
GSM8514539	pdac11	tumor	ffpe	Tfh_like	PDCD1	0.05191798941798942
GSM8514539	pdac11	tumor	ffpe	Tfh_like	ICOS	0.04728835978835979
GSM8514539	pdac11	tumor	ffpe	Tfh_like	BCL6	0.4348544973544973
GSM8514539	pdac11	tumor	ffpe	Tfh_like	IL7R	0.5205026455026455
GSM8514539	pdac11	tumor	ffpe	Tfh_like	CXCL13	0.11441798941798942
GSM8514539	pdac11	tumor	ffpe	B_cell_strict	MS4A1	0.06316137566137567
GSM8514539	pdac11	tumor	ffpe	B_cell_strict	CD79A	0.11011904761904762
GSM8514539	pdac11	tumor	ffpe	B_cell_strict	CD79B	0.07539682539682539
GSM8514539	pdac11	tumor	ffpe	B_cell_strict	CD22	0.05489417989417989
GSM8514539	pdac11	tumor	ffpe	B_cell_strict	CD37	0.49173280423280424
GSM8514539	pdac11	tumor	ffpe	Plasma_cell	MZB1	0.17063492063492064
GSM8514539	pdac11	tumor	ffpe	Plasma_cell	SDC1	0.10416666666666667
GSM8514539	pdac11	tumor	ffpe	Plasma_cell	XBP1	0.7281746031746031
GSM8514540	pdac12	lymph_node	ffpe	DC_core	FCER1A	0.07707055214723926
GSM8514540	pdac12	lymph_node	ffpe	DC_core	CLEC10A	0.24961656441717792
GSM8514540	pdac12	lymph_node	ffpe	DC_core	CD1C	0.036042944785276074
GSM8514540	pdac12	lymph_node	ffpe	DC_core	CST3	0.9171779141104295
GSM8514540	pdac12	lymph_node	ffpe	DC_core	HLA-DRA	0.9302147239263804
GSM8514540	pdac12	lymph_node	ffpe	DC_core	HLA-DPA1	0.8335889570552147
GSM8514540	pdac12	lymph_node	ffpe	DC_core	HLA-DPB1	0.8539110429447853
GSM8514540	pdac12	lymph_node	ffpe	mregDC_strict	LAMP3	0.0763036809815951
GSM8514540	pdac12	lymph_node	ffpe	mregDC_strict	FSCN1	0.3562116564417178
GSM8514540	pdac12	lymph_node	ffpe	mregDC_strict	CCR7	0.1875
GSM8514540	pdac12	lymph_node	ffpe	mregDC_strict	CCL19	0.5463957055214724
GSM8514540	pdac12	lymph_node	ffpe	mregDC_strict	CD80	0.03144171779141104
GSM8514540	pdac12	lymph_node	ffpe	mregDC_strict	CD86	0.08205521472392638
GSM8514540	pdac12	lymph_node	ffpe	Tfh_like	CD3D	0.2979294478527607
GSM8514540	pdac12	lymph_node	ffpe	Tfh_like	CD3E	0.2737730061349693
GSM8514540	pdac12	lymph_node	ffpe	Tfh_like	CD4	0.32476993865030673
GSM8514540	pdac12	lymph_node	ffpe	Tfh_like	CXCR5	0.05943251533742331
GSM8514540	pdac12	lymph_node	ffpe	Tfh_like	PDCD1	0.04677914110429448
GSM8514540	pdac12	lymph_node	ffpe	Tfh_like	ICOS	0.03834355828220859
GSM8514540	pdac12	lymph_node	ffpe	Tfh_like	BCL6	0.3558282208588957
GSM8514540	pdac12	lymph_node	ffpe	Tfh_like	IL7R	0.526840490797546
GSM8514540	pdac12	lymph_node	ffpe	Tfh_like	CXCL13	0.18059815950920247
GSM8514540	pdac12	lymph_node	ffpe	B_cell_strict	MS4A1	0.20743865030674846
GSM8514540	pdac12	lymph_node	ffpe	B_cell_strict	CD79A	0.29179447852760737
GSM8514540	pdac12	lymph_node	ffpe	B_cell_strict	CD79B	0.15950920245398773
GSM8514540	pdac12	lymph_node	ffpe	B_cell_strict	CD22	0.1334355828220859
GSM8514540	pdac12	lymph_node	ffpe	B_cell_strict	CD37	0.5157208588957055
GSM8514540	pdac12	lymph_node	ffpe	Plasma_cell	MZB1	0.3696319018404908
GSM8514540	pdac12	lymph_node	ffpe	Plasma_cell	SDC1	0.15184049079754602
GSM8514540	pdac12	lymph_node	ffpe	Plasma_cell	XBP1	0.8960889570552147
GSM8514541	pdac13	tumor	frozen	DC_core	FCER1A	0.005338672005338672
GSM8514541	pdac13	tumor	frozen	DC_core	CLEC10A	0.004004004004004004
GSM8514541	pdac13	tumor	frozen	DC_core	CD1C	0.004671338004671338
GSM8514541	pdac13	tumor	frozen	DC_core	CST3	0.5545545545545546
GSM8514541	pdac13	tumor	frozen	DC_core	HLA-DRA	0.4327660994327661
GSM8514541	pdac13	tumor	frozen	DC_core	HLA-DPA1	0.23423423423423423
GSM8514541	pdac13	tumor	frozen	DC_core	HLA-DPB1	0.2182182182182182
GSM8514541	pdac13	tumor	frozen	mregDC_strict	LAMP3	0.001668335001668335
GSM8514541	pdac13	tumor	frozen	mregDC_strict	FSCN1	0.05005005005005005
GSM8514541	pdac13	tumor	frozen	mregDC_strict	CCR7	0.009342676009342675
GSM8514541	pdac13	tumor	frozen	mregDC_strict	CCL19	0.035035035035035036
GSM8514541	pdac13	tumor	frozen	mregDC_strict	CD80	0.000667334000667334
GSM8514541	pdac13	tumor	frozen	mregDC_strict	CD86	0.015015015015015015
GSM8514541	pdac13	tumor	frozen	Tfh_like	CD3D	0.009676343009676344
GSM8514541	pdac13	tumor	frozen	Tfh_like	CD3E	0.01668335001668335
GSM8514541	pdac13	tumor	frozen	Tfh_like	CD4	0.024691358024691357
GSM8514541	pdac13	tumor	frozen	Tfh_like	CXCR5	0.001668335001668335
GSM8514541	pdac13	tumor	frozen	Tfh_like	PDCD1	0.002002002002002002
GSM8514541	pdac13	tumor	frozen	Tfh_like	ICOS	0.001001001001001001
GSM8514541	pdac13	tumor	frozen	Tfh_like	BCL6	0.05638972305638972
GSM8514541	pdac13	tumor	frozen	Tfh_like	IL7R	0.044711378044711377
GSM8514541	pdac13	tumor	frozen	Tfh_like	CXCL13	0.004004004004004004
GSM8514541	pdac13	tumor	frozen	B_cell_strict	MS4A1	0.009009009009009009
GSM8514541	pdac13	tumor	frozen	B_cell_strict	CD79A	0.022355689022355688
GSM8514541	pdac13	tumor	frozen	B_cell_strict	CD79B	0.00667334000667334
GSM8514541	pdac13	tumor	frozen	B_cell_strict	CD22	0.004671338004671338
GSM8514541	pdac13	tumor	frozen	B_cell_strict	CD37	0.05472138805472139
GSM8514541	pdac13	tumor	frozen	Plasma_cell	MZB1	0.04104104104104104
GSM8514541	pdac13	tumor	frozen	Plasma_cell	SDC1	0.17217217217217218
GSM8514541	pdac13	tumor	frozen	Plasma_cell	XBP1	0.08174841508174842
GSM8514542	pdac14	tumor	frozen	DC_core	FCER1A	0.0
GSM8514542	pdac14	tumor	frozen	DC_core	CLEC10A	0.0
GSM8514542	pdac14	tumor	frozen	DC_core	CD1C	0.00044742729306487697
GSM8514542	pdac14	tumor	frozen	DC_core	CST3	0.4053691275167785
GSM8514542	pdac14	tumor	frozen	DC_core	HLA-DRA	0.2756152125279642
GSM8514542	pdac14	tumor	frozen	DC_core	HLA-DPA1	0.0894854586129754
GSM8514542	pdac14	tumor	frozen	DC_core	HLA-DPB1	0.046085011185682326
GSM8514542	pdac14	tumor	frozen	mregDC_strict	LAMP3	0.0071588366890380315
GSM8514542	pdac14	tumor	frozen	mregDC_strict	FSCN1	0.07114093959731543
GSM8514542	pdac14	tumor	frozen	mregDC_strict	CCR7	0.0
GSM8514542	pdac14	tumor	frozen	mregDC_strict	CCL19	0.0013422818791946308
GSM8514542	pdac14	tumor	frozen	mregDC_strict	CD80	0.00044742729306487697
GSM8514542	pdac14	tumor	frozen	mregDC_strict	CD86	0.0044742729306487695
GSM8514542	pdac14	tumor	frozen	Tfh_like	CD3D	0.0022371364653243847
GSM8514542	pdac14	tumor	frozen	Tfh_like	CD3E	0.0035794183445190158
GSM8514542	pdac14	tumor	frozen	Tfh_like	CD4	0.010738255033557046
GSM8514542	pdac14	tumor	frozen	Tfh_like	CXCR5	0.0
GSM8514542	pdac14	tumor	frozen	Tfh_like	PDCD1	0.00044742729306487697
GSM8514542	pdac14	tumor	frozen	Tfh_like	ICOS	0.0013422818791946308
GSM8514542	pdac14	tumor	frozen	Tfh_like	BCL6	0.09306487695749441
GSM8514542	pdac14	tumor	frozen	Tfh_like	IL7R	0.009395973154362415
GSM8514542	pdac14	tumor	frozen	Tfh_like	CXCL13	0.0
GSM8514542	pdac14	tumor	frozen	B_cell_strict	MS4A1	0.00044742729306487697
GSM8514542	pdac14	tumor	frozen	B_cell_strict	CD79A	0.00044742729306487697
GSM8514542	pdac14	tumor	frozen	B_cell_strict	CD79B	0.00044742729306487697
GSM8514542	pdac14	tumor	frozen	B_cell_strict	CD22	0.0013422818791946308
GSM8514542	pdac14	tumor	frozen	B_cell_strict	CD37	0.012527964205816556
GSM8514542	pdac14	tumor	frozen	Plasma_cell	MZB1	0.0044742729306487695
GSM8514542	pdac14	tumor	frozen	Plasma_cell	SDC1	0.268903803131991
GSM8514542	pdac14	tumor	frozen	Plasma_cell	XBP1	0.05458612975391499
GSM8514543	pdac15	tumor	frozen	DC_core	FCER1A	0.04305135951661632
GSM8514543	pdac15	tumor	frozen	DC_core	CLEC10A	0.015105740181268883
GSM8514543	pdac15	tumor	frozen	DC_core	CD1C	0.0188821752265861
GSM8514543	pdac15	tumor	frozen	DC_core	CST3	0.7537764350453172
GSM8514543	pdac15	tumor	frozen	DC_core	HLA-DRA	0.7348942598187311
GSM8514543	pdac15	tumor	frozen	DC_core	HLA-DPA1	0.46827794561933533
GSM8514543	pdac15	tumor	frozen	DC_core	HLA-DPB1	0.44410876132930516
GSM8514543	pdac15	tumor	frozen	mregDC_strict	LAMP3	0.014350453172205438
GSM8514543	pdac15	tumor	frozen	mregDC_strict	FSCN1	0.15483383685800603
GSM8514543	pdac15	tumor	frozen	mregDC_strict	CCR7	0.03323262839879154
GSM8514543	pdac15	tumor	frozen	mregDC_strict	CCL19	0.1986404833836858
GSM8514543	pdac15	tumor	frozen	mregDC_strict	CD80	0.0022658610271903325
GSM8514543	pdac15	tumor	frozen	mregDC_strict	CD86	0.04607250755287009
GSM8514543	pdac15	tumor	frozen	Tfh_like	CD3D	0.07401812688821752
GSM8514543	pdac15	tumor	frozen	Tfh_like	CD3E	0.0702416918429003
GSM8514543	pdac15	tumor	frozen	Tfh_like	CD4	0.07175226586102719
GSM8514543	pdac15	tumor	frozen	Tfh_like	CXCR5	0.004531722054380665
GSM8514543	pdac15	tumor	frozen	Tfh_like	PDCD1	0.005287009063444109
GSM8514543	pdac15	tumor	frozen	Tfh_like	ICOS	0.005287009063444109
GSM8514543	pdac15	tumor	frozen	Tfh_like	BCL6	0.0823262839879154
GSM8514543	pdac15	tumor	frozen	Tfh_like	IL7R	0.14274924471299094
GSM8514543	pdac15	tumor	frozen	Tfh_like	CXCL13	0.0015105740181268882
GSM8514543	pdac15	tumor	frozen	B_cell_strict	MS4A1	0.015105740181268883
GSM8514543	pdac15	tumor	frozen	B_cell_strict	CD79A	0.02945619335347432
GSM8514543	pdac15	tumor	frozen	B_cell_strict	CD79B	0.017371601208459216
GSM8514543	pdac15	tumor	frozen	B_cell_strict	CD22	0.009818731117824773
GSM8514543	pdac15	tumor	frozen	B_cell_strict	CD37	0.09818731117824774
GSM8514543	pdac15	tumor	frozen	Plasma_cell	MZB1	0.03625377643504532
GSM8514543	pdac15	tumor	frozen	Plasma_cell	SDC1	0.3300604229607251
GSM8514543	pdac15	tumor	frozen	Plasma_cell	XBP1	0.21450151057401812
GSM8514544	pdac16	tumor	frozen	DC_core	FCER1A	0.002354326074161271
GSM8514544	pdac16	tumor	frozen	DC_core	CLEC10A	0.0005885815185403178
GSM8514544	pdac16	tumor	frozen	DC_core	CD1C	0.002942907592701589
GSM8514544	pdac16	tumor	frozen	DC_core	CST3	0.2672160094173043
GSM8514544	pdac16	tumor	frozen	DC_core	HLA-DRA	0.4714537963507946
GSM8514544	pdac16	tumor	frozen	DC_core	HLA-DPA1	0.1918775750441436
GSM8514544	pdac16	tumor	frozen	DC_core	HLA-DPB1	0.16009417304296644
GSM8514544	pdac16	tumor	frozen	mregDC_strict	LAMP3	0.015891701000588582
GSM8514544	pdac16	tumor	frozen	mregDC_strict	FSCN1	0.02766333137139494
GSM8514544	pdac16	tumor	frozen	mregDC_strict	CCR7	0.055915244261330196
GSM8514544	pdac16	tumor	frozen	mregDC_strict	CCL19	0.13949381989405532
GSM8514544	pdac16	tumor	frozen	mregDC_strict	CD80	0.002354326074161271
GSM8514544	pdac16	tumor	frozen	mregDC_strict	CD86	0.03708063566804003
GSM8514544	pdac16	tumor	frozen	Tfh_like	CD3D	0.023543260741612712
GSM8514544	pdac16	tumor	frozen	Tfh_like	CD3E	0.03001765744555621
GSM8514544	pdac16	tumor	frozen	Tfh_like	CD4	0.04061212477928193
GSM8514544	pdac16	tumor	frozen	Tfh_like	CXCR5	0.0017657445556209534
GSM8514544	pdac16	tumor	frozen	Tfh_like	PDCD1	0.00529723366686286
GSM8514544	pdac16	tumor	frozen	Tfh_like	ICOS	0.007651559741024131
GSM8514544	pdac16	tumor	frozen	Tfh_like	BCL6	0.05885815185403178
GSM8514544	pdac16	tumor	frozen	Tfh_like	IL7R	0.13419658622719247
GSM8514544	pdac16	tumor	frozen	Tfh_like	CXCL13	0.0005885815185403178
GSM8514544	pdac16	tumor	frozen	B_cell_strict	MS4A1	0.00824014125956445
GSM8514544	pdac16	tumor	frozen	B_cell_strict	CD79A	0.01883460859329017
GSM8514544	pdac16	tumor	frozen	B_cell_strict	CD79B	0.00529723366686286
GSM8514544	pdac16	tumor	frozen	B_cell_strict	CD22	0.0011771630370806356
GSM8514544	pdac16	tumor	frozen	B_cell_strict	CD37	0.053560918187168925
GSM8514544	pdac16	tumor	frozen	Plasma_cell	MZB1	0.030606238964096526
GSM8514544	pdac16	tumor	frozen	Plasma_cell	SDC1	0.022954679223072396
GSM8514544	pdac16	tumor	frozen	Plasma_cell	XBP1	0.04473219540906415
GSM8514546	pdac18	tumor	frozen	DC_core	FCER1A	0.04666272888363851
GSM8514546	pdac18	tumor	frozen	DC_core	CLEC10A	0.03071470761961016
GSM8514546	pdac18	tumor	frozen	DC_core	CD1C	0.03721204961606615
GSM8514546	pdac18	tumor	frozen	DC_core	CST3	0.8913171884229178
GSM8514546	pdac18	tumor	frozen	DC_core	HLA-DRA	0.9320732427643237
GSM8514546	pdac18	tumor	frozen	DC_core	HLA-DPA1	0.6391021854695806
GSM8514546	pdac18	tumor	frozen	DC_core	HLA-DPB1	0.6869462492616657
GSM8514546	pdac18	tumor	frozen	mregDC_strict	LAMP3	0.0383933845245127
GSM8514546	pdac18	tumor	frozen	mregDC_strict	FSCN1	0.37920850561134084
GSM8514546	pdac18	tumor	frozen	mregDC_strict	CCR7	0.12108682811577082
GSM8514546	pdac18	tumor	frozen	mregDC_strict	CCL19	0.5121086828115771
GSM8514546	pdac18	tumor	frozen	mregDC_strict	CD80	0.010632014176018901
GSM8514546	pdac18	tumor	frozen	mregDC_strict	CD86	0.11222681630242173
GSM8514546	pdac18	tumor	frozen	Tfh_like	CD3D	0.11340815121086828
GSM8514546	pdac18	tumor	frozen	Tfh_like	CD3E	0.12876550502067335
GSM8514546	pdac18	tumor	frozen	Tfh_like	CD4	0.13171884229178973
GSM8514546	pdac18	tumor	frozen	Tfh_like	CXCR5	0.034258712344949795
GSM8514546	pdac18	tumor	frozen	Tfh_like	PDCD1	0.027170702894270527
GSM8514546	pdac18	tumor	frozen	Tfh_like	ICOS	0.0318960425280567
GSM8514546	pdac18	tumor	frozen	Tfh_like	BCL6	0.20200826934435911
GSM8514546	pdac18	tumor	frozen	Tfh_like	IL7R	0.27406969875959836
GSM8514546	pdac18	tumor	frozen	Tfh_like	CXCL13	0.07855877141169522
GSM8514546	pdac18	tumor	frozen	B_cell_strict	MS4A1	0.1772002362669817
GSM8514546	pdac18	tumor	frozen	B_cell_strict	CD79A	0.2965150620200827
GSM8514546	pdac18	tumor	frozen	B_cell_strict	CD79B	0.14116952155936208
GSM8514546	pdac18	tumor	frozen	B_cell_strict	CD22	0.03898405197873597
GSM8514546	pdac18	tumor	frozen	B_cell_strict	CD37	0.3006497341996456
GSM8514546	pdac18	tumor	frozen	Plasma_cell	MZB1	0.23626698168930893
GSM8514546	pdac18	tumor	frozen	Plasma_cell	SDC1	0.47430596574128764
GSM8514546	pdac18	tumor	frozen	Plasma_cell	XBP1	0.35853514471352627
GSM8514547	pdac19	tumor	frozen	DC_core	FCER1A	0.05402160864345738
GSM8514547	pdac19	tumor	frozen	DC_core	CLEC10A	0.037615046018407365
GSM8514547	pdac19	tumor	frozen	DC_core	CD1C	0.040016006402561026
GSM8514547	pdac19	tumor	frozen	DC_core	CST3	0.8167266906762705
GSM8514547	pdac19	tumor	frozen	DC_core	HLA-DRA	0.7859143657462985
GSM8514547	pdac19	tumor	frozen	DC_core	HLA-DPA1	0.553421368547419
GSM8514547	pdac19	tumor	frozen	DC_core	HLA-DPB1	0.550220088035214
GSM8514547	pdac19	tumor	frozen	mregDC_strict	LAMP3	0.040016006402561026
GSM8514547	pdac19	tumor	frozen	mregDC_strict	FSCN1	0.12805122048819528
GSM8514547	pdac19	tumor	frozen	mregDC_strict	CCR7	0.0740296118447379
GSM8514547	pdac19	tumor	frozen	mregDC_strict	CCL19	0.37254901960784315
GSM8514547	pdac19	tumor	frozen	mregDC_strict	CD80	0.007202881152460984
GSM8514547	pdac19	tumor	frozen	mregDC_strict	CD86	0.06082432973189276
GSM8514547	pdac19	tumor	frozen	Tfh_like	CD3D	0.1056422569027611
GSM8514547	pdac19	tumor	frozen	Tfh_like	CD3E	0.11404561824729892
GSM8514547	pdac19	tumor	frozen	Tfh_like	CD4	0.11564625850340136
GSM8514547	pdac19	tumor	frozen	Tfh_like	CXCR5	0.0024009603841536613
GSM8514547	pdac19	tumor	frozen	Tfh_like	PDCD1	0.008003201280512205
GSM8514547	pdac19	tumor	frozen	Tfh_like	ICOS	0.01520608243297319
GSM8514547	pdac19	tumor	frozen	Tfh_like	BCL6	0.13845538215286116
GSM8514547	pdac19	tumor	frozen	Tfh_like	IL7R	0.2148859543817527
GSM8514547	pdac19	tumor	frozen	Tfh_like	CXCL13	0.006802721088435374
GSM8514547	pdac19	tumor	frozen	B_cell_strict	MS4A1	0.028411364545818326
GSM8514547	pdac19	tumor	frozen	B_cell_strict	CD79A	0.062424969987995196
GSM8514547	pdac19	tumor	frozen	B_cell_strict	CD79B	0.04361744697879152
GSM8514547	pdac19	tumor	frozen	B_cell_strict	CD22	0.012805122048819529
GSM8514547	pdac19	tumor	frozen	B_cell_strict	CD37	0.15606242496998798
GSM8514547	pdac19	tumor	frozen	Plasma_cell	MZB1	0.09843937575030012
GSM8514547	pdac19	tumor	frozen	Plasma_cell	SDC1	0.09963985594237695
GSM8514547	pdac19	tumor	frozen	Plasma_cell	XBP1	0.2424969987995198
GSM8514548	pdac20	tumor	frozen	DC_core	FCER1A	0.004674262342973999
GSM8514548	pdac20	tumor	frozen	DC_core	CLEC10A	0.0058428279287175
GSM8514548	pdac20	tumor	frozen	DC_core	CD1C	0.005550686532281624
GSM8514548	pdac20	tumor	frozen	DC_core	CST3	0.5223488168273445
GSM8514548	pdac20	tumor	frozen	DC_core	HLA-DRA	0.5106631609699095
GSM8514548	pdac20	tumor	frozen	DC_core	HLA-DPA1	0.2182296231375986
GSM8514548	pdac20	tumor	frozen	DC_core	HLA-DPB1	0.1831726555652936
GSM8514548	pdac20	tumor	frozen	mregDC_strict	LAMP3	0.007303534910896874
GSM8514548	pdac20	tumor	frozen	mregDC_strict	FSCN1	0.09319310546304412
GSM8514548	pdac20	tumor	frozen	mregDC_strict	CCR7	0.010809231668127374
GSM8514548	pdac20	tumor	frozen	mregDC_strict	CCL19	0.08968740870581361
GSM8514548	pdac20	tumor	frozen	mregDC_strict	CD80	0.0023371311714869996
GSM8514548	pdac20	tumor	frozen	mregDC_strict	CD86	0.013438504236050247
GSM8514548	pdac20	tumor	frozen	Tfh_like	CD3D	0.013146362839614373
GSM8514548	pdac20	tumor	frozen	Tfh_like	CD3E	0.022202746129126497
GSM8514548	pdac20	tumor	frozen	Tfh_like	CD4	0.03242769500438212
GSM8514548	pdac20	tumor	frozen	Tfh_like	CXCR5	0.0008764241893076249
GSM8514548	pdac20	tumor	frozen	Tfh_like	PDCD1	0.0005842827928717499
GSM8514548	pdac20	tumor	frozen	Tfh_like	ICOS	0.004966403739409875
GSM8514548	pdac20	tumor	frozen	Tfh_like	BCL6	0.06748466257668712
GSM8514548	pdac20	tumor	frozen	Tfh_like	IL7R	0.03710195734735612
GSM8514548	pdac20	tumor	frozen	Tfh_like	CXCL13	0.001460706982179375
GSM8514548	pdac20	tumor	frozen	B_cell_strict	MS4A1	0.004966403739409875
GSM8514548	pdac20	tumor	frozen	B_cell_strict	CD79A	0.014899211218229623
GSM8514548	pdac20	tumor	frozen	B_cell_strict	CD79B	0.009348524685947998
GSM8514548	pdac20	tumor	frozen	B_cell_strict	CD22	0.004674262342973999
GSM8514548	pdac20	tumor	frozen	B_cell_strict	CD37	0.03593339176161262
GSM8514548	pdac20	tumor	frozen	Plasma_cell	MZB1	0.035056967572304996
GSM8514548	pdac20	tumor	frozen	Plasma_cell	SDC1	0.28659070990359337
GSM8514548	pdac20	tumor	frozen	Plasma_cell	XBP1	0.08384458077709611
GSM8514549	pdac21	tumor	frozen	DC_core	FCER1A	0.0044588569112282124
GSM8514549	pdac21	tumor	frozen	DC_core	CLEC10A	0.00040535062829347385
GSM8514549	pdac21	tumor	frozen	DC_core	CD1C	0.0032428050263477908
GSM8514549	pdac21	tumor	frozen	DC_core	CST3	0.2882042967166599
GSM8514549	pdac21	tumor	frozen	DC_core	HLA-DRA	0.25537089582488853
GSM8514549	pdac21	tumor	frozen	DC_core	HLA-DPA1	0.10903931901094446
GSM8514549	pdac21	tumor	frozen	DC_core	HLA-DPB1	0.09850020267531415
GSM8514549	pdac21	tumor	frozen	mregDC_strict	LAMP3	0.0016214025131738954
GSM8514549	pdac21	tumor	frozen	mregDC_strict	FSCN1	0.02553708958248885
GSM8514549	pdac21	tumor	frozen	mregDC_strict	CCR7	0.0012160518848804217
GSM8514549	pdac21	tumor	frozen	mregDC_strict	CCL19	0.009728415079043373
GSM8514549	pdac21	tumor	frozen	mregDC_strict	CD80	0.00040535062829347385
GSM8514549	pdac21	tumor	frozen	mregDC_strict	CD86	0.0064856100526955816
GSM8514549	pdac21	tumor	frozen	Tfh_like	CD3D	0.0032428050263477908
GSM8514549	pdac21	tumor	frozen	Tfh_like	CD3E	0.0036481556546412645
GSM8514549	pdac21	tumor	frozen	Tfh_like	CD4	0.015403323875152006
GSM8514549	pdac21	tumor	frozen	Tfh_like	CXCR5	0.0
GSM8514549	pdac21	tumor	frozen	Tfh_like	PDCD1	0.00040535062829347385
GSM8514549	pdac21	tumor	frozen	Tfh_like	ICOS	0.0
GSM8514549	pdac21	tumor	frozen	Tfh_like	BCL6	0.02229428455614106
GSM8514549	pdac21	tumor	frozen	Tfh_like	IL7R	0.012971220105391163
GSM8514549	pdac21	tumor	frozen	Tfh_like	CXCL13	0.0
GSM8514549	pdac21	tumor	frozen	B_cell_strict	MS4A1	0.00040535062829347385
GSM8514549	pdac21	tumor	frozen	B_cell_strict	CD79A	0.004053506282934738
GSM8514549	pdac21	tumor	frozen	B_cell_strict	CD79B	0.00040535062829347385
GSM8514549	pdac21	tumor	frozen	B_cell_strict	CD22	0.0008107012565869477
GSM8514549	pdac21	tumor	frozen	B_cell_strict	CD37	0.010133765707336847
GSM8514549	pdac21	tumor	frozen	Plasma_cell	MZB1	0.004864207539521687
GSM8514549	pdac21	tumor	frozen	Plasma_cell	SDC1	0.07053100932306446
GSM8514549	pdac21	tumor	frozen	Plasma_cell	XBP1	0.04823672476692339
GSM8514550	pdac22	tumor	frozen	DC_core	FCER1A	0.0075445816186556925
GSM8514550	pdac22	tumor	frozen	DC_core	CLEC10A	0.0027434842249657062
GSM8514550	pdac22	tumor	frozen	DC_core	CD1C	0.0027434842249657062
GSM8514550	pdac22	tumor	frozen	DC_core	CST3	0.26337448559670784
GSM8514550	pdac22	tumor	frozen	DC_core	HLA-DRA	0.2626886145404664
GSM8514550	pdac22	tumor	frozen	DC_core	HLA-DPA1	0.13511659807956103
GSM8514550	pdac22	tumor	frozen	DC_core	HLA-DPB1	0.14060356652949246
GSM8514550	pdac22	tumor	frozen	mregDC_strict	LAMP3	0.004801097393689987
GSM8514550	pdac22	tumor	frozen	mregDC_strict	FSCN1	0.01577503429355281
GSM8514550	pdac22	tumor	frozen	mregDC_strict	CCR7	0.015089163237311385
GSM8514550	pdac22	tumor	frozen	mregDC_strict	CCL19	0.09327846364883402
GSM8514550	pdac22	tumor	frozen	mregDC_strict	CD80	0.0
GSM8514550	pdac22	tumor	frozen	mregDC_strict	CD86	0.006172839506172839
GSM8514550	pdac22	tumor	frozen	Tfh_like	CD3D	0.01783264746227709
GSM8514550	pdac22	tumor	frozen	Tfh_like	CD3E	0.029492455418381344
GSM8514550	pdac22	tumor	frozen	Tfh_like	CD4	0.010973936899862825
GSM8514550	pdac22	tumor	frozen	Tfh_like	CXCR5	0.00823045267489712
GSM8514550	pdac22	tumor	frozen	Tfh_like	PDCD1	0.0027434842249657062
GSM8514550	pdac22	tumor	frozen	Tfh_like	ICOS	0.003429355281207133
GSM8514550	pdac22	tumor	frozen	Tfh_like	BCL6	0.017146776406035666
GSM8514550	pdac22	tumor	frozen	Tfh_like	IL7R	0.045953360768175584
GSM8514550	pdac22	tumor	frozen	Tfh_like	CXCL13	0.0054869684499314125
GSM8514550	pdac22	tumor	frozen	B_cell_strict	MS4A1	0.06172839506172839
GSM8514550	pdac22	tumor	frozen	B_cell_strict	CD79A	0.062414266117969824
GSM8514550	pdac22	tumor	frozen	B_cell_strict	CD79B	0.0541838134430727
GSM8514550	pdac22	tumor	frozen	B_cell_strict	CD22	0.021262002743484224
GSM8514550	pdac22	tumor	frozen	B_cell_strict	CD37	0.07613168724279835
GSM8514550	pdac22	tumor	frozen	Plasma_cell	MZB1	0.025377229080932786
GSM8514550	pdac22	tumor	frozen	Plasma_cell	SDC1	0.012345679012345678
GSM8514550	pdac22	tumor	frozen	Plasma_cell	XBP1	0.04183813443072702
GSM8514551	pdac23	tumor	frozen	DC_core	FCER1A	0.010427177934746047
GSM8514551	pdac23	tumor	frozen	DC_core	CLEC10A	0.012108980827447022
GSM8514551	pdac23	tumor	frozen	DC_core	CD1C	0.011436259670366633
GSM8514551	pdac23	tumor	frozen	DC_core	CST3	0.9458459468550285
GSM8514551	pdac23	tumor	frozen	DC_core	HLA-DRA	0.9690548267743021
GSM8514551	pdac23	tumor	frozen	DC_core	HLA-DPA1	0.7023208879919274
GSM8514551	pdac23	tumor	frozen	DC_core	HLA-DPB1	0.6596030945173226
GSM8514551	pdac23	tumor	frozen	mregDC_strict	LAMP3	0.029599730911537166
GSM8514551	pdac23	tumor	frozen	mregDC_strict	FSCN1	0.15102589976454758
GSM8514551	pdac23	tumor	frozen	mregDC_strict	CCR7	0.014127144298688193
GSM8514551	pdac23	tumor	frozen	mregDC_strict	CCL19	0.06357214934409687
GSM8514551	pdac23	tumor	frozen	mregDC_strict	CD80	0.0016818028927009755
GSM8514551	pdac23	tumor	frozen	mregDC_strict	CD86	0.09216279852001345
GSM8514551	pdac23	tumor	frozen	Tfh_like	CD3D	0.03498150016818029
GSM8514551	pdac23	tumor	frozen	Tfh_like	CD3E	0.05280861083081063
GSM8514551	pdac23	tumor	frozen	Tfh_like	CD4	0.10662630339724184
GSM8514551	pdac23	tumor	frozen	Tfh_like	CXCR5	0.0013454423141607804
GSM8514551	pdac23	tumor	frozen	Tfh_like	PDCD1	0.003363605785401951
GSM8514551	pdac23	tumor	frozen	Tfh_like	ICOS	0.0020181634712411706
GSM8514551	pdac23	tumor	frozen	Tfh_like	BCL6	0.18970736629667004
GSM8514551	pdac23	tumor	frozen	Tfh_like	IL7R	0.07635385132862428
GSM8514551	pdac23	tumor	frozen	Tfh_like	CXCL13	0.007063572149344097
GSM8514551	pdac23	tumor	frozen	B_cell_strict	MS4A1	0.020854355869492094
GSM8514551	pdac23	tumor	frozen	B_cell_strict	CD79A	0.09418096199125463
GSM8514551	pdac23	tumor	frozen	B_cell_strict	CD79B	0.05617221661621258
GSM8514551	pdac23	tumor	frozen	B_cell_strict	CD22	0.009418096199125462
GSM8514551	pdac23	tumor	frozen	B_cell_strict	CD37	0.15573494786411032
GSM8514551	pdac23	tumor	frozen	Plasma_cell	MZB1	0.3837874201143626
GSM8514551	pdac23	tumor	frozen	Plasma_cell	SDC1	0.3562058526740666
GSM8514551	pdac23	tumor	frozen	Plasma_cell	XBP1	0.5815674402959973
GSM8514552	pdac24	tumor	frozen	DC_core	FCER1A	0.012899896800825593
GSM8514552	pdac24	tumor	frozen	DC_core	CLEC10A	0.014447884416924664
GSM8514552	pdac24	tumor	frozen	DC_core	CD1C	0.0041279669762641896
GSM8514552	pdac24	tumor	frozen	DC_core	CST3	0.7879256965944272
GSM8514552	pdac24	tumor	frozen	DC_core	HLA-DRA	0.8431372549019608
GSM8514552	pdac24	tumor	frozen	DC_core	HLA-DPA1	0.4742002063983488
GSM8514552	pdac24	tumor	frozen	DC_core	HLA-DPB1	0.34055727554179566
GSM8514552	pdac24	tumor	frozen	mregDC_strict	LAMP3	0.014963880288957688
GSM8514552	pdac24	tumor	frozen	mregDC_strict	FSCN1	0.1042311661506708
GSM8514552	pdac24	tumor	frozen	mregDC_strict	CCR7	0.03611971104231166
GSM8514552	pdac24	tumor	frozen	mregDC_strict	CCL19	0.3106295149638803
GSM8514552	pdac24	tumor	frozen	mregDC_strict	CD80	0.0
GSM8514552	pdac24	tumor	frozen	mregDC_strict	CD86	0.033539731682146544
GSM8514552	pdac24	tumor	frozen	Tfh_like	CD3D	0.053663570691434466
GSM8514552	pdac24	tumor	frozen	Tfh_like	CD3E	0.07739938080495357
GSM8514552	pdac24	tumor	frozen	Tfh_like	CD4	0.05056759545923633
GSM8514552	pdac24	tumor	frozen	Tfh_like	CXCR5	0.0010319917440660474
GSM8514552	pdac24	tumor	frozen	Tfh_like	PDCD1	0.0020639834881320948
GSM8514552	pdac24	tumor	frozen	Tfh_like	ICOS	0.003611971104231166
GSM8514552	pdac24	tumor	frozen	Tfh_like	BCL6	0.2930856553147575
GSM8514552	pdac24	tumor	frozen	Tfh_like	IL7R	0.13364293085655315
GSM8514552	pdac24	tumor	frozen	Tfh_like	CXCL13	0.014447884416924664
GSM8514552	pdac24	tumor	frozen	B_cell_strict	MS4A1	0.030959752321981424
GSM8514552	pdac24	tumor	frozen	B_cell_strict	CD79A	0.01393188854489164
GSM8514552	pdac24	tumor	frozen	B_cell_strict	CD79B	0.030959752321981424
GSM8514552	pdac24	tumor	frozen	B_cell_strict	CD22	0.009287925696594427
GSM8514552	pdac24	tumor	frozen	B_cell_strict	CD37	0.09649122807017543
GSM8514552	pdac24	tumor	frozen	Plasma_cell	MZB1	0.007739938080495356
GSM8514552	pdac24	tumor	frozen	Plasma_cell	SDC1	0.21929824561403508
GSM8514552	pdac24	tumor	frozen	Plasma_cell	XBP1	0.07430340557275542
GSM8514553	pdac25	tumor	frozen	DC_core	FCER1A	0.05931034482758621
GSM8514553	pdac25	tumor	frozen	DC_core	CLEC10A	0.08068965517241379
GSM8514553	pdac25	tumor	frozen	DC_core	CD1C	0.06689655172413793
GSM8514553	pdac25	tumor	frozen	DC_core	CST3	0.9724137931034482
GSM8514553	pdac25	tumor	frozen	DC_core	HLA-DRA	0.9806896551724138
GSM8514553	pdac25	tumor	frozen	DC_core	HLA-DPA1	0.8951724137931034
GSM8514553	pdac25	tumor	frozen	DC_core	HLA-DPB1	0.7979310344827586
GSM8514553	pdac25	tumor	frozen	mregDC_strict	LAMP3	0.032413793103448274
GSM8514553	pdac25	tumor	frozen	mregDC_strict	FSCN1	0.39241379310344826
GSM8514553	pdac25	tumor	frozen	mregDC_strict	CCR7	0.20758620689655172
GSM8514553	pdac25	tumor	frozen	mregDC_strict	CCL19	0.6537931034482759
GSM8514553	pdac25	tumor	frozen	mregDC_strict	CD80	0.004137931034482759
GSM8514553	pdac25	tumor	frozen	mregDC_strict	CD86	0.09034482758620689
GSM8514553	pdac25	tumor	frozen	Tfh_like	CD3D	0.38620689655172413
GSM8514553	pdac25	tumor	frozen	Tfh_like	CD3E	0.3393103448275862
GSM8514553	pdac25	tumor	frozen	Tfh_like	CD4	0.1986206896551724
GSM8514553	pdac25	tumor	frozen	Tfh_like	CXCR5	0.14206896551724138
GSM8514553	pdac25	tumor	frozen	Tfh_like	PDCD1	0.07241379310344828
GSM8514553	pdac25	tumor	frozen	Tfh_like	ICOS	0.034482758620689655
GSM8514553	pdac25	tumor	frozen	Tfh_like	BCL6	0.25103448275862067
GSM8514553	pdac25	tumor	frozen	Tfh_like	IL7R	0.46206896551724136
GSM8514553	pdac25	tumor	frozen	Tfh_like	CXCL13	0.3696551724137931
GSM8514553	pdac25	tumor	frozen	B_cell_strict	MS4A1	0.5351724137931034
GSM8514553	pdac25	tumor	frozen	B_cell_strict	CD79A	0.5696551724137932
GSM8514553	pdac25	tumor	frozen	B_cell_strict	CD79B	0.5213793103448275
GSM8514553	pdac25	tumor	frozen	B_cell_strict	CD22	0.3627586206896552
GSM8514553	pdac25	tumor	frozen	B_cell_strict	CD37	0.713103448275862
GSM8514553	pdac25	tumor	frozen	Plasma_cell	MZB1	0.43310344827586206
GSM8514553	pdac25	tumor	frozen	Plasma_cell	SDC1	0.6510344827586206
GSM8514553	pdac25	tumor	frozen	Plasma_cell	XBP1	0.4882758620689655
GSM8514555	pdac27	tumor	frozen	DC_core	FCER1A	0.005330490405117271
GSM8514555	pdac27	tumor	frozen	DC_core	CLEC10A	0.015636105188343994
GSM8514555	pdac27	tumor	frozen	DC_core	CD1C	0.01279317697228145
GSM8514555	pdac27	tumor	frozen	DC_core	CST3	0.8532338308457711
GSM8514555	pdac27	tumor	frozen	DC_core	HLA-DRA	0.7590618336886994
GSM8514555	pdac27	tumor	frozen	DC_core	HLA-DPA1	0.3784648187633262
GSM8514555	pdac27	tumor	frozen	DC_core	HLA-DPB1	0.40191897654584224
GSM8514555	pdac27	tumor	frozen	mregDC_strict	LAMP3	0.016702203269367447
GSM8514555	pdac27	tumor	frozen	mregDC_strict	FSCN1	0.1631130063965885
GSM8514555	pdac27	tumor	frozen	mregDC_strict	CCR7	0.04051172707889126
GSM8514555	pdac27	tumor	frozen	mregDC_strict	CCL19	0.3304904051172708
GSM8514555	pdac27	tumor	frozen	mregDC_strict	CD80	0.0042643923240938165
GSM8514555	pdac27	tumor	frozen	mregDC_strict	CD86	0.0216773276474769
GSM8514555	pdac27	tumor	frozen	Tfh_like	CD3D	0.07924662402274342
GSM8514555	pdac27	tumor	frozen	Tfh_like	CD3E	0.07036247334754797
GSM8514555	pdac27	tumor	frozen	Tfh_like	CD4	0.06538734896943853
GSM8514555	pdac27	tumor	frozen	Tfh_like	CXCR5	0.007818052594171997
GSM8514555	pdac27	tumor	frozen	Tfh_like	PDCD1	0.008884150675195452
GSM8514555	pdac27	tumor	frozen	Tfh_like	ICOS	0.0042643923240938165
GSM8514555	pdac27	tumor	frozen	Tfh_like	BCL6	0.07036247334754797
GSM8514555	pdac27	tumor	frozen	Tfh_like	IL7R	0.08493248045486851
GSM8514555	pdac27	tumor	frozen	Tfh_like	CXCL13	0.022388059701492536
GSM8514555	pdac27	tumor	frozen	B_cell_strict	MS4A1	0.02736318407960199
GSM8514555	pdac27	tumor	frozen	B_cell_strict	CD79A	0.03482587064676617
GSM8514555	pdac27	tumor	frozen	B_cell_strict	CD79B	0.03447050461975835
GSM8514555	pdac27	tumor	frozen	B_cell_strict	CD22	0.013148542999289269
GSM8514555	pdac27	tumor	frozen	B_cell_strict	CD37	0.10092395167022032
GSM8514555	pdac27	tumor	frozen	Plasma_cell	MZB1	0.028073916133617625
GSM8514555	pdac27	tumor	frozen	Plasma_cell	SDC1	0.2484008528784648
GSM8514555	pdac27	tumor	frozen	Plasma_cell	XBP1	0.14498933901918976
GSM8514556	pdac28	lymph_node	frozen	DC_core	FCER1A	0.005921539600296077
GSM8514556	pdac28	lymph_node	frozen	DC_core	CLEC10A	0.02072538860103627
GSM8514556	pdac28	lymph_node	frozen	DC_core	CD1C	0.0458919319022946
GSM8514556	pdac28	lymph_node	frozen	DC_core	CST3	0.6535899333826795
GSM8514556	pdac28	lymph_node	frozen	DC_core	HLA-DRA	0.923019985196151
GSM8514556	pdac28	lymph_node	frozen	DC_core	HLA-DPA1	0.5951147298297558
GSM8514556	pdac28	lymph_node	frozen	DC_core	HLA-DPB1	0.616580310880829
GSM8514556	pdac28	lymph_node	frozen	mregDC_strict	LAMP3	0.05699481865284974
GSM8514556	pdac28	lymph_node	frozen	mregDC_strict	FSCN1	0.16358253145817914
GSM8514556	pdac28	lymph_node	frozen	mregDC_strict	CCR7	0.16210214655810512
GSM8514556	pdac28	lymph_node	frozen	mregDC_strict	CCL19	0.5780903034789046
GSM8514556	pdac28	lymph_node	frozen	mregDC_strict	CD80	0.0051813471502590676
GSM8514556	pdac28	lymph_node	frozen	mregDC_strict	CD86	0.06513693560325684
GSM8514556	pdac28	lymph_node	frozen	Tfh_like	CD3D	0.1998519615099926
GSM8514556	pdac28	lymph_node	frozen	Tfh_like	CD3E	0.21317542561065878
GSM8514556	pdac28	lymph_node	frozen	Tfh_like	CD4	0.12213175425610659
GSM8514556	pdac28	lymph_node	frozen	Tfh_like	CXCR5	0.08882309400444116
GSM8514556	pdac28	lymph_node	frozen	Tfh_like	PDCD1	0.04071058475203553
GSM8514556	pdac28	lymph_node	frozen	Tfh_like	ICOS	0.025906735751295335
GSM8514556	pdac28	lymph_node	frozen	Tfh_like	BCL6	0.08734270910436713
GSM8514556	pdac28	lymph_node	frozen	Tfh_like	IL7R	0.26424870466321243
GSM8514556	pdac28	lymph_node	frozen	Tfh_like	CXCL13	0.2908956328645448
GSM8514556	pdac28	lymph_node	frozen	B_cell_strict	MS4A1	0.5477424130273871
GSM8514556	pdac28	lymph_node	frozen	B_cell_strict	CD79A	0.5521835677276091
GSM8514556	pdac28	lymph_node	frozen	B_cell_strict	CD79B	0.32790525536639525
GSM8514556	pdac28	lymph_node	frozen	B_cell_strict	CD22	0.3686158401184308
GSM8514556	pdac28	lymph_node	frozen	B_cell_strict	CD37	0.5529237601776462
GSM8514556	pdac28	lymph_node	frozen	Plasma_cell	MZB1	0.20651369356032567
GSM8514556	pdac28	lymph_node	frozen	Plasma_cell	SDC1	0.11472982975573649
GSM8514556	pdac28	lymph_node	frozen	Plasma_cell	XBP1	0.17320503330866024
