program	Level 3 Annotation	cells	patients	median_cell_score	cell_score_iqr_low	cell_score_iqr_high	positive_fraction
mregDC_like	ADM	3233	17	-0.023401712998747826	-0.03265063464641571	-0.013968357816338539	0.025982060006186206
mregDC_like	Acinar	5171	30	-0.017539007589221	-0.026595119386911392	-0.009232938289642334	0.023399729259330884
mregDC_like	Acinar (REG+)	186	10	-0.02064868062734604	-0.03094932809472084	-0.010515892878174782	0.03225806451612903
mregDC_like	Adipocyte	531	17	-0.017585301771759987	-0.026546336710453033	-0.009245410561561584	0.03766478342749529
mregDC_like	Alpha	2723	29	-0.021675946190953255	-0.03098268061876297	-0.013446416705846786	0.0044069041498347415
mregDC_like	B	1573	27	-0.019974660128355026	-0.03418537974357605	0.09180710464715958	0.2574698029243484
mregDC_like	Beta	3152	34	-0.02317589335143566	-0.033540770411491394	-0.012552282772958279	0.00951776649746193
mregDC_like	CAF	44369	43	-0.013698874041438103	-0.022696904838085175	-0.006047618109732866	0.05447497126372017
mregDC_like	CD4+ T	1839	28	-0.008723326027393341	-0.01945408433675766	0.2247701734304428	0.2767808591625884
mregDC_like	CD8+ T	2526	39	-0.010433873161673546	-0.018928473815321922	0.0	0.03167062549485352
mregDC_like	CD8+ T (dysfunctional)	967	26	-0.01160474307835102	-0.021644970402121544	-0.006241231691092253	0.0703205791106515
mregDC_like	CD8+ T (progenitor dysfunctional)	142	22	-0.013362024910748005	-0.021488528698682785	-0.0013496761675924063	0.09859154929577464
mregDC_like	CD8+ T (terminally dysfunctional)	419	28	-0.020224906504154205	-0.0285688154399395	-0.009741726331412792	0.031026252983293555
mregDC_like	Delta	556	31	-0.025232095271348953	-0.034602612257003784	-0.015730682760477066	0.007194244604316547
mregDC_like	Dendritic (activated)	91	26	0.8321768045425415	0.5511534214019775	1.1248080730438232	0.945054945054945
mregDC_like	Dendritic (conventional type 1)	181	30	-0.0056597222574055195	-0.02022540383040905	0.26537346839904785	0.43646408839779005
mregDC_like	Dendritic (conventional type 2)	1008	37	0.22739122807979584	-0.014590668492019176	0.4272926449775696	0.5615079365079365
mregDC_like	Dendritic (plasmacytoid)	139	19	-0.02110385149717331	-0.034987419843673706	0.15110114216804504	0.2805755395683453
mregDC_like	Ductal	24627	36	-0.016371509060263634	-0.02493438869714737	-0.008349251933395863	0.010313883136395014
mregDC_like	Ductal (atypical)	4991	32	-0.01800847426056862	-0.02571084350347519	-0.011032845824956894	0.011821278300941694
mregDC_like	Epsilon	46	6	-0.01715538650751114	-0.02391785755753517	-0.011607387103140354	0.0
mregDC_like	Gamma	1716	29	-0.01772942580282688	-0.027379704639315605	-0.009185354225337505	0.008158508158508158
mregDC_like	Hormone-negative neuroendocrine	1608	20	-0.03324968367815018	-0.041702792048454285	-0.02551387809216976	0.010572139303482588
mregDC_like	Intra-pancreatic neurons	25	9	-0.050870381295681	-0.05856695771217346	-0.032287418842315674	0.12
mregDC_like	Lymphatic	1645	38	-0.012563693337142467	-0.021885911002755165	-0.005385988391935825	0.13738601823708207
mregDC_like	Macrophage	10140	43	-0.007817892357707024	-0.019478069618344307	0.24399735033512115	0.33106508875739643
mregDC_like	Malignant	64538	43	-0.02028445154428482	-0.03141474723815918	-0.00992569513618946	0.056943196256469056
mregDC_like	Mast	281	26	-0.013974877074360847	-0.022384999319911003	-0.0069791353307664394	0.028469750889679714
mregDC_like	Natural killer	927	34	-0.016214294359087944	-0.027876611799001694	-0.008702453225851059	0.034519956850053934
mregDC_like	Neutrophil	98	15	-0.011622754856944084	-0.02133067324757576	0.0	0.02040816326530612
mregDC_like	Pericyte	11779	43	-0.014788759872317314	-0.023554598912596703	-0.007099263370037079	0.04508022752355888
mregDC_like	Plasma	282	28	-0.020276181399822235	-0.033672042191028595	0.0	0.23404255319148937
mregDC_like	Schwann	1824	43	-0.019921135157346725	-0.029166195541620255	-0.010648048482835293	0.02631578947368421
mregDC_like	Treg	463	28	-0.011395632289350033	-0.021028822287917137	0.0	0.1101511879049676
mregDC_like	Treg (activated)	266	26	-0.018047749996185303	-0.028561457991600037	-0.007730359211564064	0.12781954887218044
mregDC_like	Treg (quiescent)	119	14	-0.009294884279370308	-0.018628891557455063	0.0	0.24369747899159663
mregDC_like	Vascular	15530	43	-0.013450702652335167	-0.021543296054005623	-0.006142859347164631	0.07385705086928525
mregDC_like	Vascular smooth muscle	4711	20	-0.01437268778681755	-0.022129839286208153	-0.00784261990338564	0.01294841859477818
mregDC_like	myCAF	10566	36	-0.016361668705940247	-0.025459595024585724	-0.008008108474314213	0.05706984667802385
Tfh_like	ADM	3233	17	-0.04742942750453949	-0.07070403546094894	0.011946558952331543	0.2663161150634086
Tfh_like	Acinar	5171	30	-0.0460021086037159	-0.06620289385318756	-0.013990598730742931	0.21040417714175208
Tfh_like	Acinar (REG+)	186	10	-0.0355721078813076	-0.05037124454975128	-0.022671382874250412	0.05913978494623656
Tfh_like	Adipocyte	531	17	0.06573265045881271	-0.034536201506853104	0.17852923274040222	0.5404896421845574
Tfh_like	Alpha	2723	29	-0.05664956197142601	-0.0702868327498436	-0.03765425831079483	0.04149834741094381
Tfh_like	B	1573	27	-0.037921253591775894	-0.06476163864135742	0.1499795913696289	0.3776223776223776
Tfh_like	Beta	3152	34	-0.0497569814324379	-0.06876250356435776	-0.02853839099407196	0.051078680203045686
Tfh_like	CAF	44369	43	-0.03503570705652237	-0.05428194999694824	-0.007477112580090761	0.22098762649597692
Tfh_like	CD4+ T	1839	28	0.3295880854129791	0.19350874423980713	0.4740084409713745	0.8227297444263186
Tfh_like	CD8+ T	2526	39	0.22228465974330902	-0.020425142720341682	0.38053157925605774	0.5744259699129057
Tfh_like	CD8+ T (dysfunctional)	967	26	0.18070738017559052	-0.037209443747997284	0.3131753206253052	0.546018614270941
Tfh_like	CD8+ T (progenitor dysfunctional)	142	22	0.32431262731552124	0.22421130537986755	0.4629424810409546	0.852112676056338
Tfh_like	CD8+ T (terminally dysfunctional)	419	28	-0.014858761802315712	-0.053604692220687866	0.2184864580631256	0.4988066825775656
Tfh_like	Delta	556	31	-0.06281573325395584	-0.0788235291838646	-0.043497271835803986	0.07733812949640288
Tfh_like	Dendritic (activated)	91	26	0.24886927008628845	0.09310664236545563	0.39434102177619934	0.8351648351648352
Tfh_like	Dendritic (conventional type 1)	181	30	0.20831477642059326	0.10783254355192184	0.3453923761844635	0.8232044198895028
Tfh_like	Dendritic (conventional type 2)	1008	37	-0.009154919534921646	-0.04932998865842819	0.17978931963443756	0.4771825396825397
Tfh_like	Dendritic (plasmacytoid)	139	19	0.11822852492332458	-0.038351744413375854	0.20897997915744781	0.6474820143884892
Tfh_like	Ductal	24627	36	-0.04045597463846207	-0.060088641941547394	-0.013704417273402214	0.17683842936614286
Tfh_like	Ductal (atypical)	4991	32	-0.04924333095550537	-0.06947629153728485	0.04005187749862671	0.32939290723301945
Tfh_like	Epsilon	46	6	-0.03613948076963425	-0.057642098516225815	-0.023763839155435562	0.10869565217391304
Tfh_like	Gamma	1716	29	-0.045487500727176666	-0.059801653027534485	-0.02625039964914322	0.06118881118881119
Tfh_like	Hormone-negative neuroendocrine	1608	20	-0.07473157346248627	-0.08329080790281296	-0.06350737810134888	0.053482587064676616
Tfh_like	Intra-pancreatic neurons	25	9	-0.042421869933605194	-0.09045467525720596	0.06025989353656769	0.36
Tfh_like	Lymphatic	1645	38	-0.05331382155418396	-0.06807328015565872	-0.035557109862565994	0.10212765957446808
Tfh_like	Macrophage	10140	43	-0.03219612315297127	-0.052822962403297424	0.05139283835887909	0.2725838264299803
Tfh_like	Malignant	64538	43	-0.04957076162099838	-0.06992843002080917	-0.02241651713848114	0.16954352474511142
Tfh_like	Mast	281	26	-0.03420906886458397	-0.04748834669589996	-0.015317943878471851	0.1423487544483986
Tfh_like	Natural killer	927	34	-0.026821700856089592	-0.053875405341386795	0.20811186730861664	0.38727076591154264
Tfh_like	Neutrophil	98	15	-0.007916131056845188	-0.020769823342561722	0.26806166768074036	0.37755102040816324
Tfh_like	Pericyte	11779	43	-0.029053492471575737	-0.057301826775074005	0.14090397953987122	0.43280414296629593
Tfh_like	Plasma	282	28	-0.015566005371510983	-0.057613931596279144	0.21258102357387543	0.4929078014184397
Tfh_like	Schwann	1824	43	-0.03659680485725403	-0.05385113134980202	-0.00696464953944087	0.2275219298245614
Tfh_like	Treg	463	28	0.26165276765823364	-0.024499792605638504	0.42009884119033813	0.6479481641468683
Tfh_like	Treg (activated)	266	26	0.24314236640930176	0.10863831639289856	0.4443989396095276	0.7781954887218046
Tfh_like	Treg (quiescent)	119	14	0.22239692509174347	0.12924785912036896	0.34777677059173584	0.773109243697479
Tfh_like	Vascular	15530	43	-0.040926411747932434	-0.054231248795986176	-0.026161298155784607	0.07231165486155827
Tfh_like	Vascular smooth muscle	4711	20	-0.028586123138666153	-0.05123040825128555	0.10847597569227219	0.37147102526002973
Tfh_like	myCAF	10566	36	-0.04801706597208977	-0.0637676864862442	-0.02683415077626705	0.17518455423055082
DC_core	ADM	3233	17	-0.029919948428869247	-0.041418418288230896	-0.017846371978521347	0.07361583668419425
DC_core	Acinar	5171	30	-0.02515079826116562	-0.03563261032104492	-0.013964241370558739	0.023399729259330884
DC_core	Acinar (REG+)	186	10	0.18813204765319824	-0.013936999253928661	0.3473723232746124	0.553763440860215
DC_core	Adipocyte	531	17	-0.02026134543120861	-0.03189529478549957	-0.009663665667176247	0.1016949152542373
DC_core	Alpha	2723	29	-0.04182876646518707	-0.05262833088636398	-0.03014243021607399	0.005141388174807198
DC_core	B	1573	27	0.10673036426305771	-0.027970194816589355	0.2898055613040924	0.5212968849332485
DC_core	Beta	3152	34	-0.03703365474939346	-0.04925529658794403	-0.022550590336322784	0.005710659898477157
DC_core	CAF	44369	43	-0.018010471016168594	-0.02748594619333744	-0.009341112338006496	0.03033649620230341
DC_core	CD4+ T	1839	28	-0.020255256444215775	-0.031182631850242615	-0.009659933857619762	0.042958129418162044
DC_core	CD8+ T	2526	39	-0.012481141835451126	-0.02254515513777733	0.0	0.047110055423594616
DC_core	CD8+ T (dysfunctional)	967	26	-0.014931995421648026	-0.024306142702698708	-0.006864250171929598	0.09410548086866598
DC_core	CD8+ T (progenitor dysfunctional)	142	22	-0.018406972289085388	-0.026139933615922928	-0.007856935262680054	0.06338028169014084
DC_core	CD8+ T (terminally dysfunctional)	419	28	-0.020457888022065163	-0.030270956456661224	-0.0077984752133488655	0.11694510739856802
DC_core	Delta	556	31	-0.043352484703063965	-0.05539354681968689	-0.03071799874305725	0.012589928057553957
DC_core	Dendritic (activated)	91	26	0.2122812569141388	-0.018683984875679016	0.4015672206878662	0.5714285714285714
DC_core	Dendritic (conventional type 1)	181	30	0.6553170680999756	0.4509403705596924	0.956910252571106	0.9060773480662984
DC_core	Dendritic (conventional type 2)	1008	37	0.470624715089798	0.24675869941711426	0.7377901077270508	0.8323412698412699
DC_core	Dendritic (plasmacytoid)	139	19	-0.01649470068514347	-0.03136707469820976	0.23715661466121674	0.4316546762589928
DC_core	Ductal	24627	36	-0.02197978086769581	-0.03224872052669525	-0.011614114046096802	0.037113736955374184
DC_core	Ductal (atypical)	4991	32	-0.02362295426428318	-0.032220952212810516	-0.014697955921292305	0.06752153876978562
DC_core	Epsilon	46	6	-0.023206442594528198	-0.030420862138271332	-0.014961973764002323	0.0
DC_core	Gamma	1716	29	-0.034580036997795105	-0.04577508941292763	-0.020217077806591988	0.006993006993006993
DC_core	Hormone-negative neuroendocrine	1608	20	-0.05124181881546974	-0.05982251092791557	-0.04308714717626572	0.009950248756218905
DC_core	Intra-pancreatic neurons	25	9	-0.0600527748465538	-0.06605201959609985	-0.05229710415005684	0.0
DC_core	Lymphatic	1645	38	-0.03270001709461212	-0.0433163121342659	-0.021354999393224716	0.0668693009118541
DC_core	Macrophage	10140	43	0.0	-0.017884323373436928	0.34718114137649536	0.4911242603550296
DC_core	Malignant	64538	43	-0.026388615369796753	-0.0383637472987175	-0.014422792941331863	0.07516501905853916
DC_core	Mast	281	26	-0.015579522587358952	-0.024679522961378098	-0.008493018336594105	0.060498220640569395
DC_core	Natural killer	927	34	-0.019542794674634933	-0.031675681471824646	-0.008439711295068264	0.10032362459546926
DC_core	Neutrophil	98	15	-0.01166892983019352	-0.020004576072096825	0.0	0.16326530612244897
DC_core	Pericyte	11779	43	-0.020282352343201637	-0.029443878680467606	-0.011564496904611588	0.03845827319806435
DC_core	Plasma	282	28	-0.01986628770828247	-0.03243096172809601	0.23524823784828186	0.36524822695035464
DC_core	Schwann	1824	43	-0.01969301514327526	-0.02990172803401947	-0.00894349254667759	0.09978070175438597
DC_core	Treg	463	28	-0.017664873972535133	-0.027547921985387802	-0.008735362440347672	0.06047516198704104
DC_core	Treg (activated)	266	26	-0.023777153342962265	-0.03422786667943001	-0.013946577906608582	0.08646616541353383
DC_core	Treg (quiescent)	119	14	-0.02364392764866352	-0.031997375190258026	-0.014021825976669788	0.03361344537815126
DC_core	Vascular	15530	43	-0.015528777614235878	-0.02358352765440941	-0.007771768141537905	0.05132002575660013
DC_core	Vascular smooth muscle	4711	20	-0.0242450051009655	-0.03424559533596039	-0.014572673477232456	0.012736149437486733
DC_core	myCAF	10566	36	-0.025319376960396767	-0.035241127014160156	-0.015888143330812454	0.02082150293393905
broad_T	ADM	3233	17	-0.047122955322265625	-0.060024578124284744	-0.033393073827028275	0.014228270955768636
broad_T	Acinar	5171	30	-0.038499657064676285	-0.051016099750995636	-0.025782646611332893	0.006961902920131503
broad_T	Acinar (REG+)	186	10	-0.03621961548924446	-0.04885619133710861	-0.024216514080762863	0.03225806451612903
broad_T	Adipocyte	531	17	-0.028572268784046173	-0.04038555175065994	-0.016506154090166092	0.035781544256120526
broad_T	Alpha	2723	29	-0.03742828592658043	-0.04808621108531952	-0.026184111833572388	0.005141388174807198
broad_T	B	1573	27	-0.014997836202383041	-0.03240073844790459	0.2752855718135834	0.37635092180546725
broad_T	Beta	3152	34	-0.03371693193912506	-0.04702611267566681	-0.02042895369231701	0.010786802030456852
broad_T	CAF	44369	43	-0.02095215767621994	-0.03133533149957657	-0.011377861723303795	0.010863440690572247
broad_T	CD4+ T	1839	28	0.6142953634262085	0.38806891441345215	0.9116348028182983	0.8988580750407831
broad_T	CD8+ T	2526	39	0.4712260961532593	0.0	0.7554569244384766	0.7272367379255741
broad_T	CD8+ T (dysfunctional)	967	26	0.49017077684402466	0.3377731442451477	0.8101609945297241	0.8490175801447777
broad_T	CD8+ T (progenitor dysfunctional)	142	22	0.5189082622528076	0.3319647014141083	0.7731947302818298	0.8943661971830986
broad_T	CD8+ T (terminally dysfunctional)	419	28	0.6257966756820679	0.37393271923065186	0.8616551160812378	0.9307875894988067
broad_T	Delta	556	31	-0.04750466346740723	-0.059908851981163025	-0.03471354395151138	0.007194244604316547
broad_T	Dendritic (activated)	91	26	-0.022979239001870155	-0.03128325939178467	-0.013028580695390701	0.10989010989010989
broad_T	Dendritic (conventional type 1)	181	30	-0.033730991184711456	-0.04571185261011124	-0.020807502791285515	0.10497237569060773
broad_T	Dendritic (conventional type 2)	1008	37	-0.02269565500319004	-0.033296242356300354	-0.011535227298736572	0.07043650793650794
broad_T	Dendritic (plasmacytoid)	139	19	-0.018499458208680153	-0.03278045728802681	0.15175119042396545	0.28776978417266186
broad_T	Ductal	24627	36	-0.027105646207928658	-0.03819652646780014	-0.01616998389363289	0.005441182442035165
broad_T	Ductal (atypical)	4991	32	-0.03407527878880501	-0.043949514627456665	-0.025048092007637024	0.006010819475055099
broad_T	Epsilon	46	6	-0.020208049565553665	-0.030194304883480072	-0.007528475020080805	0.043478260869565216
broad_T	Gamma	1716	29	-0.029477078467607498	-0.03990835323929787	-0.018764987587928772	0.019813519813519812
broad_T	Hormone-negative neuroendocrine	1608	20	-0.05254644155502319	-0.06098691746592522	-0.0434742346405983	0.004975124378109453
broad_T	Intra-pancreatic neurons	25	9	-0.057046860456466675	-0.07015104591846466	-0.043719492852687836	0.0
broad_T	Lymphatic	1645	38	-0.02657533437013626	-0.036666374653577805	-0.016461757943034172	0.03525835866261398
broad_T	Macrophage	10140	43	-0.02117963135242462	-0.031724486500024796	-0.01040300726890564	0.045364891518737675
broad_T	Malignant	64538	43	-0.034203238785266876	-0.047826651483774185	-0.021066144108772278	0.023877405559515324
broad_T	Mast	281	26	-0.022873952984809875	-0.03179726377129555	-0.011066596023738384	0.08896797153024912
broad_T	Natural killer	927	34	0.5548593401908875	0.3823453187942505	0.8452833890914917	0.8705501618122977
broad_T	Neutrophil	98	15	-0.011442930437624454	-0.02009035088121891	0.0	0.07142857142857142
broad_T	Pericyte	11779	43	-0.02314826473593712	-0.0330723412334919	-0.013752581551671028	0.0236013243908651
broad_T	Plasma	282	28	0.20693084597587585	-0.031985312700271606	0.45657598972320557	0.5531914893617021
broad_T	Schwann	1824	43	-0.026250522583723068	-0.03766937553882599	-0.01545030903071165	0.03508771929824561
broad_T	Treg	463	28	0.6061778664588928	0.3950386047363281	0.9148418307304382	0.8855291576673866
broad_T	Treg (activated)	266	26	0.6624126434326172	0.38440796732902527	0.8710925579071045	0.9210526315789473
broad_T	Treg (quiescent)	119	14	0.6395007371902466	0.4146970510482788	0.8188658952713013	0.9495798319327731
broad_T	Vascular	15530	43	-0.022320710122585297	-0.031467825174331665	-0.013593604788184166	0.014488087572440437
broad_T	Vascular smooth muscle	4711	20	-0.03054673597216606	-0.040308527648448944	-0.020652679726481438	0.006792613033326258
broad_T	myCAF	10566	36	-0.02352019026875496	-0.033051181584596634	-0.014452081173658371	0.016751845542305507
non_Tfh_CD4	ADM	3233	17	-0.07570847123861313	-0.09920238703489304	-0.04436250776052475	0.1116609959789669
non_Tfh_CD4	Acinar	5171	30	-0.05435151606798172	-0.07771652191877365	-0.027685068547725677	0.11699864629665442
non_Tfh_CD4	Acinar (REG+)	186	10	-0.039692919701337814	-0.055618930608034134	-0.026231389492750168	0.026881720430107527
non_Tfh_CD4	Adipocyte	531	17	-0.059202875941991806	-0.0856103003025055	-0.03208472579717636	0.08097928436911488
non_Tfh_CD4	Alpha	2723	29	-0.09023752063512802	-0.11238070577383041	-0.059265512973070145	0.0477414616232097
non_Tfh_CD4	B	1573	27	0.0	-0.06063786894083023	0.4218369126319885	0.49205340114431023
non_Tfh_CD4	Beta	3152	34	-0.06220472604036331	-0.0859602838754654	-0.03562689945101738	0.0399746192893401
non_Tfh_CD4	CAF	44369	43	-0.0430891253054142	-0.06718168407678604	-0.012239559553563595	0.19056097725889698
non_Tfh_CD4	CD4+ T	1839	28	0.7069027423858643	0.3399987518787384	1.1465851068496704	0.7759651984774334
non_Tfh_CD4	CD8+ T	2526	39	-0.02559000998735428	-0.047318458557128906	0.0	0.2082343626286619
non_Tfh_CD4	CD8+ T (dysfunctional)	967	26	-0.0261615552008152	-0.05171144753694534	0.39503976702690125	0.33815925542916236
non_Tfh_CD4	CD8+ T (progenitor dysfunctional)	142	22	0.184797465801239	-0.045774489641189575	0.5285667181015015	0.5140845070422535
non_Tfh_CD4	CD8+ T (terminally dysfunctional)	419	28	-0.043181970715522766	-0.06710314750671387	0.2442094087600708	0.3126491646778043
non_Tfh_CD4	Delta	556	31	-0.07844303548336029	-0.0989139974117279	-0.05162964016199112	0.048561151079136694
non_Tfh_CD4	Dendritic (activated)	91	26	-0.054222166538238525	-0.0735248252749443	-0.023325137794017792	0.17582417582417584
non_Tfh_CD4	Dendritic (conventional type 1)	181	30	-0.07050023972988129	-0.08832424134016037	-0.04468739405274391	0.09392265193370165
non_Tfh_CD4	Dendritic (conventional type 2)	1008	37	-0.0539875365793705	-0.07755327969789505	-0.03098936937749386	0.1111111111111111
non_Tfh_CD4	Dendritic (plasmacytoid)	139	19	-0.040479712188243866	-0.06948035210371017	0.268913209438324	0.43884892086330934
non_Tfh_CD4	Ductal	24627	36	-0.06250277161598206	-0.08463183045387268	-0.03821258991956711	0.04405733544483697
non_Tfh_CD4	Ductal (atypical)	4991	32	-0.0748482346534729	-0.09187204390764236	-0.05561546981334686	0.0607092766980565
non_Tfh_CD4	Epsilon	46	6	-0.05640680342912674	-0.08174405992031097	-0.04007793962955475	0.10869565217391304
non_Tfh_CD4	Gamma	1716	29	-0.06688553094863892	-0.0880419909954071	-0.04543530195951462	0.030885780885780884
non_Tfh_CD4	Hormone-negative neuroendocrine	1608	20	-0.12460000067949295	-0.14157649874687195	-0.1078338697552681	0.04477611940298507
non_Tfh_CD4	Intra-pancreatic neurons	25	9	-0.10337716341018677	-0.13359808921813965	-0.07576130330562592	0.16
non_Tfh_CD4	Lymphatic	1645	38	-0.06842571496963501	-0.08863208442926407	-0.045319847762584686	0.08753799392097264
non_Tfh_CD4	Macrophage	10140	43	-0.05769599229097366	-0.08031444251537323	-0.034195687621831894	0.046153846153846156
non_Tfh_CD4	Malignant	64538	43	-0.07060833275318146	-0.0956558883190155	-0.04296327754855156	0.07421983947441817
non_Tfh_CD4	Mast	281	26	-0.04183211922645569	-0.0617842823266983	-0.02353583462536335	0.06405693950177936
non_Tfh_CD4	Natural killer	927	34	-0.042316168546676636	-0.06797903776168823	-0.012759091332554817	0.16612729234088458
non_Tfh_CD4	Neutrophil	98	15	-0.02002136781811714	-0.03353077173233032	0.22634080052375793	0.25510204081632654
non_Tfh_CD4	Pericyte	11779	43	-0.05171539634466171	-0.07133713364601135	-0.02954714372754097	0.12912810934714322
non_Tfh_CD4	Plasma	282	28	-0.05269086733460426	-0.08486495167016983	0.2993195950984955	0.3404255319148936
non_Tfh_CD4	Schwann	1824	43	-0.05832066386938095	-0.08628817647695541	0.13218346238136292	0.2944078947368421
non_Tfh_CD4	Treg	463	28	-0.011802091263234615	-0.04197153076529503	0.53171306848526	0.4449244060475162
non_Tfh_CD4	Treg (activated)	266	26	0.2517336308956146	-0.04962309077382088	0.5734561681747437	0.556390977443609
non_Tfh_CD4	Treg (quiescent)	119	14	0.657744824886322	0.3479445278644562	1.0107574462890625	0.7983193277310925
non_Tfh_CD4	Vascular	15530	43	-0.04833531752228737	-0.07467307150363922	0.1204170435667038	0.2634900193174501
non_Tfh_CD4	Vascular smooth muscle	4711	20	-0.052333831787109375	-0.07608712464570999	-0.027384888380765915	0.12332838038632987
non_Tfh_CD4	myCAF	10566	36	-0.01895279809832573	-0.056366510689258575	0.34072643518447876	0.46668559530569753
Treg	ADM	3233	17	-0.0527314692735672	-0.07039622962474823	-0.031944192945957184	0.10392824002474482
Treg	Acinar	5171	30	-0.0414363369345665	-0.05644076317548752	-0.023981278762221336	0.03771030748404564
Treg	Acinar (REG+)	186	10	-0.023848526179790497	-0.036500390619039536	-0.012535875663161278	0.010752688172043012
Treg	Adipocyte	531	17	-0.03727104142308235	-0.052105315029621124	-0.022349171340465546	0.06591337099811675
Treg	Alpha	2723	29	-0.047607190907001495	-0.06479181349277496	-0.028393078595399857	0.08593463092177746
Treg	B	1573	27	-0.040466662496328354	-0.05931504815816879	0.0	0.24284806102987921
Treg	Beta	3152	34	-0.04075818136334419	-0.0624341145157814	-0.012784966267645359	0.17671319796954316
Treg	CAF	44369	43	-0.041704848408699036	-0.05819772183895111	-0.023615896701812744	0.048231873605445244
Treg	CD4+ T	1839	28	-0.02251618355512619	-0.0379110723733902	0.0	0.22892876563349646
Treg	CD8+ T	2526	39	-0.020585782825946808	-0.036050766706466675	0.0	0.17616785431512272
Treg	CD8+ T (dysfunctional)	967	26	-0.023336105048656464	-0.039216622710227966	0.0	0.24922440537745605
Treg	CD8+ T (progenitor dysfunctional)	142	22	-0.028754226863384247	-0.044440045952796936	-0.011083101853728294	0.1619718309859155
Treg	CD8+ T (terminally dysfunctional)	419	28	-0.036061521619558334	-0.051429323852062225	0.12252869457006454	0.2529832935560859
Treg	Delta	556	31	-0.04857064411044121	-0.06680112332105637	-0.021333571523427963	0.16546762589928057
Treg	Dendritic (activated)	91	26	-0.03560228645801544	-0.05487620458006859	0.05646345019340515	0.25274725274725274
Treg	Dendritic (conventional type 1)	181	30	-0.04312017187476158	-0.05858926475048065	-0.021412663161754608	0.1270718232044199
Treg	Dendritic (conventional type 2)	1008	37	-0.040666140615940094	-0.05852325260639191	-0.020469941198825836	0.1349206349206349
Treg	Dendritic (plasmacytoid)	139	19	-0.04346572607755661	-0.06017184257507324	-0.024835342541337013	0.1510791366906475
Treg	Ductal	24627	36	-0.03339843451976776	-0.05344941467046738	-0.007740868255496025	0.20713038534941325
Treg	Ductal (atypical)	4991	32	-0.01168516743928194	-0.05634317919611931	0.17712563276290894	0.48687637747946305
Treg	Epsilon	46	6	-0.04443158209323883	-0.0577591210603714	-0.02614830806851387	0.043478260869565216
Treg	Gamma	1716	29	-0.038030944764614105	-0.05706026777625084	-0.014834006316959858	0.15967365967365968
Treg	Hormone-negative neuroendocrine	1608	20	-0.056744299829006195	-0.06672258675098419	-0.044608257710933685	0.08084577114427861
Treg	Intra-pancreatic neurons	25	9	-0.10000526160001755	-0.10688070207834244	-0.07755137979984283	0.08
Treg	Lymphatic	1645	38	-0.051941901445388794	-0.06799329817295074	-0.0349481999874115	0.08267477203647416
Treg	Macrophage	10140	43	-0.03800144046545029	-0.05706121027469635	-0.013238470070064068	0.168836291913215
Treg	Malignant	64538	43	-0.04134158417582512	-0.06327419728040695	-0.009280389174818993	0.22554154141745947
Treg	Mast	281	26	-0.03957689180970192	-0.054325275123119354	-0.018417280167341232	0.16370106761565836
Treg	Natural killer	927	34	0.0	-0.03864678740501404	0.44223204255104065	0.4962243797195254
Treg	Neutrophil	98	15	-0.02414148673415184	-0.03850586712360382	-0.013229228556156158	0.05102040816326531
Treg	Pericyte	11779	43	-0.05287722125649452	-0.06977060437202454	-0.03333672136068344	0.10433822905170219
Treg	Plasma	282	28	-0.048288896679878235	-0.06710290908813477	0.10585033893585205	0.2624113475177305
Treg	Schwann	1824	43	-0.04201768711209297	-0.06390006095170975	-0.008226165547966957	0.23464912280701755
Treg	Treg	463	28	0.514723539352417	0.0488470084965229	0.9993903040885925	0.7494600431965442
Treg	Treg (activated)	266	26	1.0439735651016235	0.7052578330039978	1.3789292573928833	0.9661654135338346
Treg	Treg (quiescent)	119	14	0.6572603583335876	0.3953283429145813	0.9843180179595947	0.8739495798319328
Treg	Vascular	15530	43	-0.04510265588760376	-0.06027223542332649	-0.02937730774283409	0.05608499678042499
Treg	Vascular smooth muscle	4711	20	-0.04266032949090004	-0.05921348184347153	-0.02587614767253399	0.0647420929738909
Treg	myCAF	10566	36	-0.0461035780608654	-0.05958967283368111	-0.0323248952627182	0.02318758281279576
exhausted_CD8	ADM	3233	17	-0.0780067890882492	-0.09796790778636932	-0.05377272516489029	0.04918032786885246
exhausted_CD8	Acinar	5171	30	-0.0545472651720047	-0.07324451208114624	-0.033321231603622437	0.04467221040417714
exhausted_CD8	Acinar (REG+)	186	10	-0.04682953655719757	-0.060825590044260025	-0.025069279596209526	0.026881720430107527
exhausted_CD8	Adipocyte	531	17	-0.057399701327085495	-0.08037993311882019	-0.03186335414648056	0.10734463276836158
exhausted_CD8	Alpha	2723	29	-0.06969043612480164	-0.08780412375926971	-0.045940108597278595	0.034153507161219246
exhausted_CD8	B	1573	27	-0.02979844994843006	-0.05681539326906204	0.22769740223884583	0.3680864589955499
exhausted_CD8	Beta	3152	34	-0.0564919039607048	-0.0773623064160347	-0.03301268443465233	0.04187817258883249
exhausted_CD8	CAF	44369	43	-0.044717639684677124	-0.06657993048429489	-0.01974189281463623	0.13563524082129413
exhausted_CD8	CD4+ T	1839	28	-0.034755006432533264	-0.053651005029678345	-0.01608908176422119	0.12669929309407288
exhausted_CD8	CD8+ T	2526	39	-0.020142430439591408	-0.04009941965341568	0.0	0.22684085510688837
exhausted_CD8	CD8+ T (dysfunctional)	967	26	-0.026343489065766335	-0.045842431485652924	0.23838242888450623	0.28335056876938985
exhausted_CD8	CD8+ T (progenitor dysfunctional)	142	22	-0.03162333369255066	-0.04996490105986595	0.232412189245224	0.29577464788732394
exhausted_CD8	CD8+ T (terminally dysfunctional)	419	28	-0.011331376619637012	-0.04567231982946396	0.36154162883758545	0.4892601431980907
exhausted_CD8	Delta	556	31	-0.07099144160747528	-0.08762615919113159	-0.04805437847971916	0.023381294964028777
exhausted_CD8	Dendritic (activated)	91	26	-0.02941281720995903	-0.061883099377155304	0.23075486719608307	0.3956043956043956
exhausted_CD8	Dendritic (conventional type 1)	181	30	0.38989806175231934	0.16349045932292938	0.5984609127044678	0.7845303867403315
exhausted_CD8	Dendritic (conventional type 2)	1008	37	0.3760536313056946	0.10468759387731552	0.574055016040802	0.7549603174603174
exhausted_CD8	Dendritic (plasmacytoid)	139	19	-0.04635893553495407	-0.07344664633274078	0.26426562666893005	0.381294964028777
exhausted_CD8	Ductal	24627	36	-0.0638267770409584	-0.08408451080322266	-0.04051467776298523	0.028545904901124783
exhausted_CD8	Ductal (atypical)	4991	32	-0.0769706442952156	-0.09289999306201935	-0.05900447815656662	0.04728511320376678
exhausted_CD8	Epsilon	46	6	-0.03607088699936867	-0.06567269563674927	0.05201730132102966	0.2826086956521739
exhausted_CD8	Gamma	1716	29	-0.06349091231822968	-0.08350828289985657	-0.038357049226760864	0.028554778554778556
exhausted_CD8	Hormone-negative neuroendocrine	1608	20	-0.09052921831607819	-0.1026330515742302	-0.07766830921173096	0.043532338308457715
exhausted_CD8	Intra-pancreatic neurons	25	9	-0.07796159386634827	-0.08924590051174164	-0.04886772483587265	0.24
exhausted_CD8	Lymphatic	1645	38	-0.0490107536315918	-0.07083816081285477	0.07291600108146667	0.2778115501519757
exhausted_CD8	Macrophage	10140	43	0.1293257176876068	-0.04230469465255737	0.3547728955745697	0.5261341222879684
exhausted_CD8	Malignant	64538	43	-0.0663878321647644	-0.08828841149806976	-0.042832911014556885	0.05827574452260684
exhausted_CD8	Mast	281	26	-0.03618781641125679	-0.05435993894934654	-0.012080314569175243	0.1601423487544484
exhausted_CD8	Natural killer	927	34	-0.00911059882491827	-0.046655796468257904	0.4413861036300659	0.4703344120819849
exhausted_CD8	Neutrophil	98	15	-0.011828446760773659	-0.02877325937151909	0.44376426935195923	0.37755102040816324
exhausted_CD8	Pericyte	11779	43	-0.039085909724235535	-0.06418752670288086	0.17589470744132996	0.3461244587825792
exhausted_CD8	Plasma	282	28	-0.016942599788308144	-0.054092444479465485	0.29299330711364746	0.4787234042553192
exhausted_CD8	Schwann	1824	43	-0.050996214151382446	-0.0709262266755104	-0.02715066820383072	0.12938596491228072
exhausted_CD8	Treg	463	28	-0.022451365366578102	-0.0487542450428009	0.3326095938682556	0.2958963282937365
exhausted_CD8	Treg (activated)	266	26	0.28484755754470825	-0.0419105589389801	0.4363912343978882	0.5939849624060151
exhausted_CD8	Treg (quiescent)	119	14	-0.03614973649382591	-0.056307218968868256	-0.018661510199308395	0.15126050420168066
exhausted_CD8	Vascular	15530	43	0.1482841521501541	-0.04392142966389656	0.3363049626350403	0.5433998712169994
exhausted_CD8	Vascular smooth muscle	4711	20	-0.034297823905944824	-0.06305230408906937	0.14702340960502625	0.3309276162173636
exhausted_CD8	myCAF	10566	36	-0.03874562680721283	-0.06114531308412552	0.1554647982120514	0.30569752034828696
mregDC_minus_CCL19	ADM	3233	17	-0.02853701077401638	-0.04019705578684807	-0.01642359420657158	0.02567274976801732
mregDC_minus_CCL19	Acinar	5171	30	-0.022827448323369026	-0.03392866998910904	-0.011977305635809898	0.023012956874879132
mregDC_minus_CCL19	Acinar (REG+)	186	10	-0.021011825650930405	-0.0337708555161953	-0.009527457877993584	0.03225806451612903
mregDC_minus_CCL19	Adipocyte	531	17	-0.022812888026237488	-0.0357220396399498	-0.01258469745516777	0.03766478342749529
mregDC_minus_CCL19	Alpha	2723	29	-0.0285026915371418	-0.03890368342399597	-0.01832491159439087	0.0044069041498347415
mregDC_minus_CCL19	B	1573	27	-0.015741202980279922	-0.03048243746161461	0.0	0.23839796567069294
mregDC_minus_CCL19	Beta	3152	34	-0.027958566322922707	-0.04059070721268654	-0.015179922804236412	0.009200507614213198
mregDC_minus_CCL19	CAF	44369	43	-0.011956427246332169	-0.02109363116323948	0.0	0.04442290788613672
mregDC_minus_CCL19	CD4+ T	1839	28	-0.01205818634480238	-0.026332687586545944	0.260860800743103	0.27569331158238175
mregDC_minus_CCL19	CD8+ T	2526	39	-0.013345754705369473	-0.023977816104888916	0.0	0.029691211401425176
mregDC_minus_CCL19	CD8+ T (dysfunctional)	967	26	-0.01665305718779564	-0.02744811400771141	-0.008467257022857666	0.06825232678386763
mregDC_minus_CCL19	CD8+ T (progenitor dysfunctional)	142	22	-0.0177638977766037	-0.027577456086874008	-0.007768058218061924	0.09859154929577464
mregDC_minus_CCL19	CD8+ T (terminally dysfunctional)	419	28	-0.023336105048656464	-0.03518356382846832	-0.012568095698952675	0.031026252983293555
mregDC_minus_CCL19	Delta	556	31	-0.02755160629749298	-0.03901080787181854	-0.017276152968406677	0.007194244604316547
mregDC_minus_CCL19	Dendritic (activated)	91	26	0.9791308641433716	0.6482833623886108	1.3356983661651611	0.945054945054945
mregDC_minus_CCL19	Dendritic (conventional type 1)	181	30	-0.018031485378742218	-0.03815736621618271	0.3020106852054596	0.430939226519337
mregDC_minus_CCL19	Dendritic (conventional type 2)	1008	37	0.265998899936676	-0.023296991363167763	0.5004075765609741	0.5615079365079365
mregDC_minus_CCL19	Dendritic (plasmacytoid)	139	19	-0.028346078470349312	-0.043989263474941254	0.14405226707458496	0.26618705035971224
mregDC_minus_CCL19	Ductal	24627	36	-0.020330237224698067	-0.031124796718358994	-0.010299070738255978	0.010192065619036017
mregDC_minus_CCL19	Ductal (atypical)	4991	32	-0.02446124143898487	-0.03348555043339729	-0.016122084110975266	0.011620917651773192
mregDC_minus_CCL19	Epsilon	46	6	-0.02066703885793686	-0.03544289618730545	-0.009249035269021988	0.0
mregDC_minus_CCL19	Gamma	1716	29	-0.02505030855536461	-0.036304060369729996	-0.013891086913645267	0.008158508158508158
mregDC_minus_CCL19	Hormone-negative neuroendocrine	1608	20	-0.03803310543298721	-0.04771382361650467	-0.028837356716394424	0.009950248756218905
mregDC_minus_CCL19	Intra-pancreatic neurons	25	9	-0.03512733057141304	-0.041319333016872406	-0.027818989008665085	0.12
mregDC_minus_CCL19	Lymphatic	1645	38	-0.018278270959854126	-0.028757628053426743	-0.0072481767274439335	0.13556231003039515
mregDC_minus_CCL19	Macrophage	10140	43	-0.013825064525008202	-0.0326722152531147	0.2798462510108948	0.33076923076923076
mregDC_minus_CCL19	Malignant	64538	43	-0.023518521338701248	-0.0361686646938324	-0.011308841407299042	0.0563698906070842
mregDC_minus_CCL19	Mast	281	26	-0.016779564321041107	-0.026510637253522873	-0.008724137209355831	0.02491103202846975
mregDC_minus_CCL19	Natural killer	927	34	-0.023094402626156807	-0.03708663210272789	-0.012302091345191002	0.032362459546925564
mregDC_minus_CCL19	Neutrophil	98	15	-0.013125430792570114	-0.022599659860134125	0.0	0.02040816326530612
mregDC_minus_CCL19	Pericyte	11779	43	-0.013219074346125126	-0.022366706281900406	-0.006178280804306269	0.03582647083793191
mregDC_minus_CCL19	Plasma	282	28	-0.021382052451372147	-0.03505299240350723	-0.006875490769743919	0.22340425531914893
mregDC_minus_CCL19	Schwann	1824	43	-0.03772321715950966	-0.0490882508456707	-0.024971967563033104	0.023574561403508772
mregDC_minus_CCL19	Treg	463	28	-0.014021364040672779	-0.028568129986524582	0.0	0.1079913606911447
mregDC_minus_CCL19	Treg (activated)	266	26	-0.018422327935695648	-0.031948238611221313	-0.00935296155512333	0.12781954887218044
mregDC_minus_CCL19	Treg (quiescent)	119	14	-0.014572289772331715	-0.026190079748630524	0.0	0.24369747899159663
mregDC_minus_CCL19	Vascular	15530	43	-0.015445948578417301	-0.024974782019853592	-0.00698663666844368	0.0728911783644559
mregDC_minus_CCL19	Vascular smooth muscle	4711	20	-0.016386989504098892	-0.02597043476998806	-0.00818016566336155	0.012099341965612397
mregDC_minus_CCL19	myCAF	10566	36	-0.011701882816851139	-0.020239772275090218	-0.005164782050997019	0.05697520348286958
mregDC_like_uncontrolled_mean	ADM	3233	17	0.0	0.0	0.0	0.025982060006186206
mregDC_like_uncontrolled_mean	Acinar	5171	30	0.0	0.0	0.0	0.023399729259330884
mregDC_like_uncontrolled_mean	Acinar (REG+)	186	10	0.0	0.0	0.0	0.03225806451612903
mregDC_like_uncontrolled_mean	Adipocyte	531	17	0.0	0.0	0.0	0.03766478342749529
mregDC_like_uncontrolled_mean	Alpha	2723	29	0.0	0.0	0.0	0.0044069041498347415
mregDC_like_uncontrolled_mean	B	1573	27	0.0	0.0	0.13442999124526978	0.2574698029243484
mregDC_like_uncontrolled_mean	Beta	3152	34	0.0	0.0	0.0	0.00951776649746193
mregDC_like_uncontrolled_mean	CAF	44369	43	0.0	0.0	0.0	0.05447497126372017
mregDC_like_uncontrolled_mean	CD4+ T	1839	28	0.0	0.0	0.254876971244812	0.2767808591625884
mregDC_like_uncontrolled_mean	CD8+ T	2526	39	0.0	0.0	0.0	0.03167062549485352
mregDC_like_uncontrolled_mean	CD8+ T (dysfunctional)	967	26	0.0	0.0	0.0	0.0703205791106515
mregDC_like_uncontrolled_mean	CD8+ T (progenitor dysfunctional)	142	22	0.0	0.0	0.0	0.09859154929577464
mregDC_like_uncontrolled_mean	CD8+ T (terminally dysfunctional)	419	28	0.0	0.0	0.0	0.031026252983293555
mregDC_like_uncontrolled_mean	Delta	556	31	0.0	0.0	0.0	0.007194244604316547
mregDC_like_uncontrolled_mean	Dendritic (activated)	91	26	0.8434803485870361	0.5697922706604004	1.145034909248352	0.945054945054945
mregDC_like_uncontrolled_mean	Dendritic (conventional type 1)	181	30	0.0	0.0	0.2967320382595062	0.43646408839779005
mregDC_like_uncontrolled_mean	Dendritic (conventional type 2)	1008	37	0.25080132484436035	0.0	0.44449007511138916	0.5615079365079365
mregDC_like_uncontrolled_mean	Dendritic (plasmacytoid)	139	19	0.0	0.0	0.19383354485034943	0.2805755395683453
mregDC_like_uncontrolled_mean	Ductal	24627	36	0.0	0.0	0.0	0.010313883136395014
mregDC_like_uncontrolled_mean	Ductal (atypical)	4991	32	0.0	0.0	0.0	0.011821278300941694
mregDC_like_uncontrolled_mean	Epsilon	46	6	0.0	0.0	0.0	0.0
mregDC_like_uncontrolled_mean	Gamma	1716	29	0.0	0.0	0.0	0.008158508158508158
mregDC_like_uncontrolled_mean	Hormone-negative neuroendocrine	1608	20	0.0	0.0	0.0	0.010572139303482588
mregDC_like_uncontrolled_mean	Intra-pancreatic neurons	25	9	0.0	0.0	0.0	0.12
mregDC_like_uncontrolled_mean	Lymphatic	1645	38	0.0	0.0	0.0	0.13738601823708207
mregDC_like_uncontrolled_mean	Macrophage	10140	43	0.0	0.0	0.26695823669433594	0.33106508875739643
mregDC_like_uncontrolled_mean	Malignant	64538	43	0.0	0.0	0.0	0.056943196256469056
mregDC_like_uncontrolled_mean	Mast	281	26	0.0	0.0	0.0	0.028469750889679714
mregDC_like_uncontrolled_mean	Natural killer	927	34	0.0	0.0	0.0	0.034519956850053934
mregDC_like_uncontrolled_mean	Neutrophil	98	15	0.0	0.0	0.0	0.02040816326530612
mregDC_like_uncontrolled_mean	Pericyte	11779	43	0.0	0.0	0.0	0.04508022752355888
mregDC_like_uncontrolled_mean	Plasma	282	28	0.0	0.0	0.0	0.23404255319148937
mregDC_like_uncontrolled_mean	Schwann	1824	43	0.0	0.0	0.0	0.02631578947368421
mregDC_like_uncontrolled_mean	Treg	463	28	0.0	0.0	0.0	0.1101511879049676
mregDC_like_uncontrolled_mean	Treg (activated)	266	26	0.0	0.0	0.0	0.12781954887218044
mregDC_like_uncontrolled_mean	Treg (quiescent)	119	14	0.0	0.0	0.0	0.24369747899159663
mregDC_like_uncontrolled_mean	Vascular	15530	43	0.0	0.0	0.0	0.07385705086928525
mregDC_like_uncontrolled_mean	Vascular smooth muscle	4711	20	0.0	0.0	0.0	0.01294841859477818
mregDC_like_uncontrolled_mean	myCAF	10566	36	0.0	0.0	0.0	0.05706984667802385
Tfh_like_uncontrolled_mean	ADM	3233	17	0.0	0.0	0.0969565212726593	0.29075162387875036
Tfh_like_uncontrolled_mean	Acinar	5171	30	0.0	0.0	0.0	0.21697930767743184
Tfh_like_uncontrolled_mean	Acinar (REG+)	186	10	0.0	0.0	0.0	0.05913978494623656
Tfh_like_uncontrolled_mean	Adipocyte	531	17	0.13240613043308258	0.0	0.2381773144006729	0.5404896421845574
Tfh_like_uncontrolled_mean	Alpha	2723	29	0.0	0.0	0.0	0.04186558942343004
Tfh_like_uncontrolled_mean	B	1573	27	0.0	0.0	0.22254057228565216	0.38334392879847423
Tfh_like_uncontrolled_mean	Beta	3152	34	0.0	0.0	0.0	0.052347715736040606
Tfh_like_uncontrolled_mean	CAF	44369	43	0.0	0.0	0.0	0.2228132254502017
Tfh_like_uncontrolled_mean	CD4+ T	1839	28	0.3732892572879791	0.2465353012084961	0.5303313732147217	0.8227297444263186
Tfh_like_uncontrolled_mean	CD8+ T	2526	39	0.27135926485061646	0.0	0.41687142848968506	0.5744259699129057
Tfh_like_uncontrolled_mean	CD8+ T (dysfunctional)	967	26	0.23115608096122742	0.0	0.35100477933883667	0.546018614270941
Tfh_like_uncontrolled_mean	CD8+ T (progenitor dysfunctional)	142	22	0.37076669931411743	0.26408907771110535	0.5116875171661377	0.852112676056338
Tfh_like_uncontrolled_mean	CD8+ T (terminally dysfunctional)	419	28	0.0	0.0	0.27585917711257935	0.4988066825775656
Tfh_like_uncontrolled_mean	Delta	556	31	0.0	0.0	0.0	0.08093525179856115
Tfh_like_uncontrolled_mean	Dendritic (activated)	91	26	0.3210161030292511	0.1611315906047821	0.4563676714897156	0.8351648351648352
Tfh_like_uncontrolled_mean	Dendritic (conventional type 1)	181	30	0.2934386134147644	0.1920895129442215	0.4165966212749481	0.8232044198895028
Tfh_like_uncontrolled_mean	Dendritic (conventional type 2)	1008	37	0.0	0.0	0.2377822995185852	0.4791666666666667
Tfh_like_uncontrolled_mean	Dendritic (plasmacytoid)	139	19	0.19328442215919495	0.0	0.27824997901916504	0.6546762589928058
Tfh_like_uncontrolled_mean	Ductal	24627	36	0.0	0.0	0.0	0.1798432614609981
Tfh_like_uncontrolled_mean	Ductal (atypical)	4991	32	0.0	0.0	0.1135420948266983	0.3434181526748147
Tfh_like_uncontrolled_mean	Epsilon	46	6	0.0	0.0	0.0	0.13043478260869565
Tfh_like_uncontrolled_mean	Gamma	1716	29	0.0	0.0	0.0	0.06177156177156177
Tfh_like_uncontrolled_mean	Hormone-negative neuroendocrine	1608	20	0.0	0.0	0.0	0.060945273631840796
Tfh_like_uncontrolled_mean	Intra-pancreatic neurons	25	9	0.0	0.0	0.12963448464870453	0.48
Tfh_like_uncontrolled_mean	Lymphatic	1645	38	0.0	0.0	0.0	0.10577507598784194
Tfh_like_uncontrolled_mean	Macrophage	10140	43	0.0	0.0	0.12575331330299377	0.2749506903353057
Tfh_like_uncontrolled_mean	Malignant	64538	43	0.0	0.0	0.0	0.17817409898044562
Tfh_like_uncontrolled_mean	Mast	281	26	0.0	0.0	0.0	0.1423487544483986
Tfh_like_uncontrolled_mean	Natural killer	927	34	0.0	0.0	0.2625281810760498	0.3883495145631068
Tfh_like_uncontrolled_mean	Neutrophil	98	15	0.0	0.0	0.3016609251499176	0.37755102040816324
Tfh_like_uncontrolled_mean	Pericyte	11779	43	0.0	0.0	0.20273083448410034	0.43687919178198487
Tfh_like_uncontrolled_mean	Plasma	282	28	0.04019268602132797	0.0	0.27502602338790894	0.5
Tfh_like_uncontrolled_mean	Schwann	1824	43	0.0	0.0	0.0	0.2324561403508772
Tfh_like_uncontrolled_mean	Treg	463	28	0.30225202441215515	0.0	0.4569457471370697	0.6479481641468683
Tfh_like_uncontrolled_mean	Treg (activated)	266	26	0.28682196140289307	0.1801130473613739	0.4926568567752838	0.7781954887218046
Tfh_like_uncontrolled_mean	Treg (quiescent)	119	14	0.2729164659976959	0.1865956038236618	0.40820276737213135	0.773109243697479
Tfh_like_uncontrolled_mean	Vascular	15530	43	0.0	0.0	0.0	0.07276239536381197
Tfh_like_uncontrolled_mean	Vascular smooth muscle	4711	20	0.0	0.0	0.17199084162712097	0.3755041392485672
Tfh_like_uncontrolled_mean	myCAF	10566	36	0.0	0.0	0.0	0.17717206132879046
